Part,ID,Name
1,30000,"Toben Hair"
1,30010,"Zeta"
1,30020,"Unkempt Hair"
1,30030,"Shaved Hair"
1,30040,"Black Rockstar"
1,30050,"Black Metro"
1,30060,"Black Catalyst"
1,30070,"All Back"
1,30080,"Military Buzzcut"
1,30090,"Mohawk"
1,30100,"Blue Fantasy"
1,30110,"Black Fireball"
1,30120,"Black Vincent"
1,30130,"Black Antagonist"
1,30140,"Black Topknot"
1,30150,"Black Dreadlocks"
1,30160,"Black Trip Scratch"
1,30170,"Black Line Scratch"
1,30180,"Black Mane"
1,30190,"Black Bowl Cut"
1,30200,"Black Wind"
1,30210,"Black Shaggy Wax"
1,30220,"Black Grooovy Do"
1,30230,"Black Foil Perm"
1,30240,"Black Monkey"
1,30250,"Black Afro"
1,30260,"Black Metrosexual"
1,30270,"Black with Bald Spot"
1,30280,"Black Mohecan Shaggy Do"
1,30290,"Black Old Man &apos;Do"
1,30300,"Black Romance"
1,30310,"Black Acorn"
1,30320,"Black Afro"
1,30330,"Black Cabana Boy"
1,30340,"Black Tristan"
1,30350,"Black Astro"
1,30360,"Black Spiky Tail"
1,30370,"Black Shaggy Dragon"
1,30380,"Black Dragon Layered Hair"
1,30400,"Black Tribal Buzz"
1,30410,"Black Natural"
1,30420,"Black Cozy Amber"
1,30430,"Black Bald Head"
1,30440,"Black Fury"
1,30450,"Black Casanova"
1,30460,"Black Tornade Hair"
1,30470,"Black Slick Dean"
1,30480,"Black Babby Cut"
1,30490,"Black Messy Spike"
1,30510,"Black Rockie"
1,30520,"Black Hontas"
1,30530,"Black Baldie"
1,30540,"Black Robot"
1,30550,"Black Kongfu Braids"
1,30560,"Black Grand Lionman"
1,30570,"Black Eternal Elegance"
1,30580,"Black Saturday Special"
1,30590,"Black Super Suave"
1,30600,"Black The Curl"
1,30610,"Black The Mo Rawk"
1,30620,"Black Bubba GoaTee"
1,30630,"Black Neon Cactus"
1,30640,"Black Urban Dragon"
1,30650,"Black Rise N Shine"
1,30660,"Black Fuzz"
1,30670,"Black Preppy Spike"
1,30680,"Black Hobo"
1,30690,"Black Metro Man"
1,30700,"Black Rising Rocker"
1,30710,"Black Puffy Fro"
1,30720,"Black Exotica"
1,30730,"Black Roving Rockstar"
1,30740,"Black Receding Hair"
1,30750,"Black Buddha Fire"
1,30760,"Black Bowling Ball"
1,30770,"Black Lucky Charms"
1,30780,"Black Dragon Tail"
1,30790,"Black Lion Hair"
1,30800,"Black Dreamcatcher"
1,30810,"Black Gruff &amp; Tough"
1,30820,"Black Matinee Idol"
1,30830,"Black Alex"
1,30840,"Black Julian Hair"
1,30850,"Black Cornrow"
1,30860,"Black Male Runway Hair"
1,30870,"Black Hector Hair"
1,30880,"Black Unbalanced"
1,30890,"Black Eastern Mystery"
1,30900,"Black Kravitz Locks"
1,30910,"Black Jun Pyo Hair"
1,30920,"Black Short Top Tail"
1,30930,"Black Boy Band Cut"
1,30940,"Black Hip Hop Cut"
1,30950,"Black Volume Cut"
1,30960,"Black Mio(PPL)"
1,30970,"Black Asusa(PPL)"
1,30990,"Black Tentacle Hair"
1,31000,"Cutie Hair"
1,31010,"Black Veronica"
1,31020,"Black Francesca"
1,31030,"Black Polly"
1,31040,"Edgy Hair"
1,31050,"Rockstar Hair"
1,31060,"Black Annie"
1,31070,"Black Stella"
1,31080,"Black Rainbow"
1,31090,"Black Bridget"
1,31100,"Black Mary"
1,31110,"Black Monica"
1,31120,"Black Miru"
1,31130,"Black Jolie"
1,31140,"Black Pei Pei"
1,31150,"Black Angelica"
1,31160,"Black Lori"
1,31170,"Black Rastafari"
1,31180,"Black Cutey Doll"
1,31190,"Black Celeb"
1,31200,"Black Holla&apos; Back Do"
1,31210,"Black Perfect Stranger"
1,31220,"Black Caspia"
1,31230,"Black Rose"
1,31240,"Black Disheveled"
1,31250,"Black Bowlcut"
1,31260,"Black Daisy Do"
1,31270,"Black Pigtails"
1,31280,"Black Ellie"
1,31290,"Black Naomi"
1,31300,"Black Chantelle"
1,31310,"Black Carla"
1,31320,"Black Roxy"
1,31330,"Black Penelope"
1,31340,"Black Rae"
1,31350,"Black Fourtail Braids"
1,31360,"Black Wavy Ponytail"
1,31400,"Black Boyish"
1,31410,"Black Paula"
1,31420,"Black Lana"
1,31430,"Black Bald Head"
1,31440,"Black Ravishing Raven"
1,31450,"Black Fluffy Dolly"
1,31460,"Black Lady Mariko"
1,31470,"Black Ming Ming"
1,31480,"Black Classy Sass"
1,31490,"Black Cecelia Twist"
1,31510,"Black Minnie"
1,31520,"Black Curly Stream"
1,31530,"Black Zessica"
1,31540,"Black Jean"
1,31550,"Black Candy Heart"
1,31560,"Black Sunflower Power"
1,31570,"Black Maiden&apos;s Weave"
1,31580,"Black Victorian Wrap"
1,31590,"Black Ballroom Classic"
1,31600,"Black Tall Bun"
1,31610,"Black Darling Diva"
1,31620,"Black Desert Flower"
1,31630,"Black The Honeybun"
1,31640,"Black Sonara Wave"
1,31650,"Black Dashing Damsel"
1,31660,"Black Tighty Bun"
1,31670,"Black Grandma ma&apos;"
1,31680,"Black Lovely Ladyhawk"
1,31690,"Black Demolishing Diva"
1,31700,"Black Crazy Medusa"
1,31710,"Black Princess Warrior"
1,31720,"Black Streaky Siren"
1,31730,"Black Model&apos;s Ambition"
1,31740,"Black Frizzle Dizzle"
1,31750,"Black Super Diva"
1,31760,"Black Shaggy Dog"
1,31770,"Black Short Shaggy Hair"
1,31780,"Black Oh So Windy"
1,31790,"Black Princessa"
1,31800,"Black Onna&apos;s Honor"
1,31810,"Black Apple Hair"
1,31820,"Black Grace"
1,31830,"Black Eye-skimming Bang"
1,31840,"Black Female Runway Hair"
1,31850,"Black Dambi"
1,31860,"Black Laguna Beach"
1,31870,"Black Ayu"
1,31880,"Black Gardener"
1,31890,"Black Short Twin Tails"
1,31900,"Unknown"
1,31910,"Black Housewife"
1,31920,"Black CL Hair"
1,31930,"Black Bowl Cut"
1,31940,"Black Spunky Do"
1,31950,"Black Vintage Flip"
1,31960,"Black Mio(PPL)"
1,31970,"Black Asusa(PPL)"
1,31980,"Black Zumogi(PPL)"
2,31990,"Black Evan Hair (F)"
2,32000,"Unknown"
2,32010,"Unknown"
2,32020,"Unknown"
2,32030,"Unknown"
2,32040,"Unknown"
2,32050,"Black Tengu Hair"
2,32150,"Black Starling Hair"
2,32160,"Black Crow Hair"
2,32310,"Black Dashing Damsel"
2,32320,"Black Jean"
2,32330,"Black Roxy"
2,32340,"Black Wild Hunter Hair"
2,32350,"Black Evan Hair"
2,32360,"Black Dual Blade Hair"
2,32370,"Black The Fever"
2,32380,"Black Heavy Metal Hair"
2,32390,"Black Bed Head Hair"
2,32400,"Black Alex"
2,32410,"Black Overgrown Hair"
2,32420,"Black Matinee Idol"
2,32430,"Black Twin Conch Hair"
2,32440,"Black Windy Seaweed Hair"
2,32450,"Black Pointed Mountain Hair"
2,32460,"Black Nuclear Hair"
2,32470,"Black Colorful Twin Conch Hair"
2,32480,"Black Colorful Windy Seaweed Hair"
2,32490,"Black Colorful Pointed Mountain Hair"
2,32500,"Black Colorful Nuclear Hair"
2,32510,"Black Indian"
2,32520,"Black Fluffy Fringe Hair"
2,32530,"Black Lady Syl Hair"
2,32540,"Black Romantic Braid Hair"
2,32550,"Black Sweet Kitty Hair"
2,32560,"Black Succubus Hair"
2,32640,"Black Kirito&apos;s Hair"
2,33000,"Black Prince Cut Hair"
2,33010,"Black Litz (PPL)"
2,33020,"Black Uie (PPL)"
2,33030,"Black Babish Hair"
2,33040,"White Aran Cut"
2,33050,"Black Spiky Shag"
2,33060,"Black Prince Cut"
2,33070,"Black Dreadlocks"
2,33080,"White Aran Hair"
2,33090,"Black Lion Hair"
2,33100,"Black The Coco"
2,33110,"Black Free Spirit Hair"
2,33120,"Black Long Bowl Cut"
2,33130,"Black Dual Blade Hair"
2,33140,"Bleached tie-up hair"
2,33150,"Black Evan Hair (M)"
2,33160,"Black Lilin Hair"
2,33170,"Black Gaga Hair"
2,33180,"Black Detective Hair"
2,33190,"Black Battle Mage Hair"
2,33210,"Black Heavy Metal Hair"
2,33220,"Black Sun Bleached"
2,33240,"Black Clean-Cut Short Hair"
2,33250,"Black Bed Head Hair"
2,33260,"Black Neinheart Hair "
2,33270,"Black Spiky Bangs Hair"
2,33280,"Black Sweet Flip Hair"
2,33290,"Silver Updo"
2,33310,"White Eclipse Hair"
2,33320,"Black Beau Wild Hunter Hair"
2,33330,"Black Baby Angel Hair"
2,33340,"Black Windblown Wave Hair"
2,33350,"Black Short Flip Cut "
2,33360,"Black Scoop Hair"
2,33370,"Black Layered Wave Cut"
2,33380,"Black Super Tuft Hair"
2,33390,"Black Top Knot Hair"
2,33400,"Black Overgrown Hair"
2,33410,"Black Pop Star Layered Hair"
2,33430,"Black Sweet Kitty Hair"
2,33440,"Black Hipster Wave Hair"
2,33450,"Silver Gray Highlights"
2,33460,"Black Loose Bangs"
2,33470,"Black Neat Shaggy Hair"
2,33480,"Black Hooligan Hair  "
2,33500,"Black Mega Flip Hair"
2,33510,"Black Wild Tangles Hair"
2,33520,"Black The Fever"
2,33530,"Pitch Black Demon Hair"
2,33540,"Black Retro Romance Hair "
2,33550,"Black Cute Boy Hair"
2,33580,"Black Waxed Hair"
2,33590,"Black Loose Waves Hair"
2,33600,"Black Shaggy Star Hair"
2,33610,"Black Crow Hair"
2,33620,"Black Artist Hair"
2,33630,"Black Messy Bowl Hair"
2,33640,"Black I&apos;m the Best Hair"
2,33660,"Black Double Whorls"
2,33670,"Black Prince Ponytail"
2,33680,"Black Valentine Hair"
2,33690,"Black Bully Hair"
2,33700,"Black Luxurious &apos;Do"
2,33710,"Black Modern Samurai Hair"
2,33720,"Black Artistic Highlights Hair"
2,33730,"Black Wavy Ponytail"
2,33740,"Black Chevalier Hair"
2,33750,"Black Movie Star Hair"
2,33760,"Black Romantic Perm Hair"
2,33770,"Black Atomic Hair"
2,33780,"Black Upstart Hair"
2,33790,"Black Artiste Hair"
2,33800,"Black Flame Hair"
2,33810,"Black Melon Hair"
2,33820,"Blade-sharpened Hair"
2,33830,"Gale Hair"
2,33930,"Black Wild Cut Hair"
2,33940,"Black Mega Tease Hair"
2,33950,"Black Can&apos;t-See-Jack Hair"
2,33960,"Black Shy Boy Hair"
2,33990,"Black Hot Top Hair"
2,34000,"Black Palm Tree Hair"
2,34010,"Black Rollered Hair"
2,34020,"Black School Girl Hair"
2,34030,"Black Designer Hair"
2,34040,"Black Curl-In Bob Cut"
2,34050,"White Aran Hair"
2,34060,"Black Bow Hair"
2,34070,"Black Pop Star Hair"
2,34080,"Black Curler Craze Hair"
2,34090,"White Aran Hair"
2,34100,"Black Bow Hair"
2,34110,"Black Full Bangs Hair"
2,34120,"Black Bohemian Hair"
2,34130,"Black Low Cut Bob"
2,34140,"Black Dual Blade Hair"
2,34150,"Black Bleached Pony Hair"
2,34160,"White Lilin Hair"
2,34170,"Black Pretty Girl Hair"
2,34180,"White Wave Ponytail"
2,34190,"Black Wild Hunter Hair"
2,34210,"Black Vivacious Wavy Hair"
2,34220,"Black Messy Pigtails"
2,34230,"Black Tender Bowl-cut Hair"
2,34240,"Black Long Tied Hair "
2,34250,"Black Long with Bangs"
2,34260,"Black Perky Puff Hair"
2,34270,"Black Hime Hair"
2,34290,"Black Battle Mage (F)"
2,34310,"Black Spiral Curl Hair"
2,34320,"Black Star Upstyle Hair"
2,34330,"Black Bloom Hair"
2,34340,"Black Romantic Braid Hair"
2,34350,"Black Updo Hair"
2,34360,"Black Long Pigtails"
2,34370,"Black Shaggy Bobbed Hair"
2,34380,"Black Princess Rococo Hair"
2,34400,"Black Front Braid Hair"
2,34410,"Pitch Black Demon Hair"
2,34420,"Silver Gray Highlights"
2,34430,"Black Spring Flower Hair "
2,34440,"Black Romantic Perm"
2,34450,"Black Kitty Hair"
2,34470,"Black Wild Child Tied Hair"
2,34480,"Black Lovely Tangles Hair"
2,34490,"Black Wavy Bob"
2,34510,"Black Mermaid Hair"
2,34540,"Black Crop Style"
2,34560,"Black Wild Windswept Hair"
2,34580,"White Cinnamon Buns"
2,34590,"Black Short Double Ponytails "
2,34600,"Black Starling Hair"
2,34610,"White Luscious Locks"
2,34620,"Black Sugar Bubble Hair"
2,34630,"Black Gorgeous Queen Hair"
2,34640,"Black Cute Tied Bun Hair"
2,34650,"Black Charming Chinese Hair"
2,34660,"Black Bunny Buns "
2,34670,"Black Side Ponytail"
2,34680,"Black Funky Disco Hair"
2,34690,"Black Coco Tresses"
2,34700,"Black I-Like-It-Short Hair"
2,34710,"Black Antennae-For-Girls"
2,34720,"Black Fluffy Pigtails"
2,34730,"Black Voluminous Wave"
2,34740,"Black Chevalier Hair"
2,34750,"Black Ponytail-to-the-Side"
2,34760,"Black Sweetie Pie Hair"
2,34770,"Black Aria Hair"
2,34780,"Black Glamor Hair"
2,34790,"Black Spring Waltz Hair"
2,34800,"Black Sweet Princess Hair"
2,34810,"Blade-sharpened Hair"
2,34820,"Lady Syl Hair"
2,34830,"Black Nymph Hair"
2,34840,"Black Siren Hair"
3,34850,"Black Double Hoop Hair"
3,34860,"Black Moonlight Fairy Hair"
3,34870,"Black Wavy Pigtails Hair"
3,34880,"Black Spring Ribbon Hair"
3,34890,"Black Princess Hair"
3,34900,"Black Leaf Goddess Hair"
3,34910,"Black Fine Shampooed Hair"
3,34940,"Black Cygnus Hair"
3,34950,"Black Irena Hair"
3,34960,"Black Danika Hair"
3,34970,"Black Uptown Hair"
3,34980,"Black Female Jett Hair"
3,35000,"Black Bang-up Hair"
3,35010,"Black Oliver Hair"
3,35020,"Black Let-it-be Hair"
3,35040,"Black Rock Band Hair"
3,35050,"Black Hurricane Hair"
3,35060,"Black Barista Hair"
3,35070,"Black Kong Hair"
3,35080,"Black Pony Boy Hair"
3,35090,"White Snow Hair"
3,35100,"Black Waning Moon Hair"
3,35110,"Black Samurai Ponytail"
3,35120,"Black Princely Bob Hair"
3,35130,"Black Sharp Cut"
3,35140,"Black Mega Layered Hair"
3,35150,"Black Power Edge Hair"
3,35160,"Beast Tamer Male Hair 1 (Black)"
3,35170,"Beast Tamer Male Hair 2 (Black)"
3,35180,"Black Victory Rider Hair"
3,35190,"Black Hoy Hoy Hair"
3,35200,"Black Super Antenna"
3,35210,"White Peculiar Hair"
3,35220,"Black Flare Hair"
3,35240,"Black Parted Cut Hair"
3,35260,"Black Rolly Hair"
3,35280,"Black Hairspray Hair"
3,35290,"Black Singer Songwriter Hair"
3,35300,"Black Bing Bong Hair"
3,35310,"[[FROZEN CONTENT]] Black Kristoff Hair"
3,35330,"Black Mocha Hair"
3,35340,"Black Candy Curl Hair"
3,35350,"Black Mop Top"
3,35360,"Black Popcorn Hair"
3,35420,"Black Ice Spray Hair"
3,35430,"Black Aqua Hair"
3,35440,"Black Glowy Butterfly Hair"
3,35450,"Rock God Hair"
3,35460,"Black Choice Hair"
3,35470,"Black Rock Candy Hair"
3,35490,"Black Odyssey Hair"
3,35500,"Black Ponytail Hair"
3,35510,"Black Dylan Hair"
3,35520,"Black Spiky Hair"
3,35530,"Impact Hair"
3,35550,"Black Doofus Hair"
3,35590,"Black Lightning Bangs"
3,35620,"Black Sweet Stuff Hair"
3,35640,"Black Warrior Hair"
3,35650,"Black Toth Hair"
3,35660,"Black Ruya Hair"
3,35680,"Black Tiny Tail Hair"
3,35690,"Black Bedraggled Hair"
3,35720,"Black Sea Hair"
3,35740,"Black 80&apos;s European Hair"
3,35760,"Black Charming Fellow Hair"
3,35790,"Black Elwin Hair"
3,35950,"Black Filling Hair"
3,35960,"Black Rover Hair"
3,35980,"Shadow Dancer Hair"
3,35990,"Black Cascade Hair"
3,36000,"Black Eastern Rocker Hair"
3,36010,"Black Charisma Hair"
3,36020,"Black Ifrit Hair"
3,36030,"Black Mihile Hair"
3,36040,"Black Street-Smart Hair"
3,36050,"Black Wavy Mop"
3,36060,"Black Nocturne Hair"
3,36070,"Black Eckhart Hair"
3,36080,"Black Maha Hair"
3,36090,"Black Young Neinheart Heart"
3,36100,"Black Ice Pop Hair"
3,36110,"Black Male Jett Hair"
3,36130,"White Lotus Hair"
3,36140,"Black Beshroomed Hair"
3,36150,"Black Cannoneer Hair"
3,36160,"Black Zed&apos;s Dead Hair"
3,36170,"Black Delicate Hair"
3,36180,"Black Macaroon Hair"
3,36190,"Black Twinkle Hair"
3,36200,"Black Hayato Hair"
3,36210,"Black Spiketop Hair"
3,36220,"Black Runt Hair"
3,36230,"Black Layered Hair "
3,36240,"Boy Warrior Hair "
3,36250,"Imposing Warrior Hair "
3,36260,"Sweep Back Hair"
3,36270,"Black Fop Wave Hair"
3,36280,"Black Dashing Kenji Hair"
3,36300,"Black Layered Cut"
3,36310,"Black Round Hair"
3,36320,"Unknown"
3,36330,"Black Midnight Hair"
3,36340,"Black Kerning Style Hair"
3,36350,"Black Highlighted Hair"
3,36380,"Black Victory Hair"
3,36390,"Black Messy Hair"
3,36400,"Black Curly Bob"
3,36410,"Black Eagle Hair"
3,36420,"Black Maestro Hair"
3,36450,"Black Bisk Hair"
3,36460,"Black Solitaire Hair"
3,36470,"Black Cybernetic"
3,36480,"Black Neo Lotus"
3,36490,"Black Sun Hair"
3,36500,"Black Billionaire Hair"
3,36510,"Black Tone Block Hair"
3,36520,"Black Line Hair"
3,36530,"Black Hermes Hair"
3,36560,"Black Intense Hair"
3,36570,"Noblesse Hair"
3,36590,"Black Shy Bob"
3,36600,"Black Kanna Boy Hair"
3,36610,"Black Sengoku Slick &apos;Do"
3,36630,"Black Rough Shaggy Cut"
3,36640,"Black Acoustic Hair"
3,36650,"Black Myst Hair"
3,36670,"Black Saturday Night Hair"
3,36680,"Black Spade Hair"
3,36690,"Black Wolf Tail Hair (M)"
3,36700,"White Ultra-Bubble Hair"
3,36720,"Black Earthworm Perm Hair"
3,36740,"Black Tropical Hair"
3,36750,"Black Argent Hair"
3,36760,"White Windy Hair"
3,36770,"Black Wild Wolf Hair"
3,36780,"Perion Hair"
3,36790,"Kerning City Hair"
3,36800,"Black Slick Shine Hair"
3,36810,"Black Crayon Hair"
3,36820,"Black Bless Hair"
3,36830,"Black Silver Rain Hair"
3,36840,"Black Tess Hair"
3,36850,"Black Rondo Hair"
3,36860,"Black Foil Perm Hair"
3,36870,"Black Lucian Hair"
3,36880,"Black Light &apos;n&apos; Layered Hair"
3,36890,"Black Doomstrider Hair"
3,36900,"Black Lop Ear Hair"
3,36910,"Black Daredevil Hair"
3,36920,"Black Randy Hair"
3,36930,"é»’é«ªã®ãƒ•ãƒ¥ãƒ¼ãƒãƒ£ãƒ¼ãƒ­ã‚¤ãƒ‰_ç”·"
3,36940,"Black Bean Jawbreaker Hair"
3,36950,"Black Alpha Hair"
3,36960,"Black Berserker Hair"
3,36980,"White Fairy King Oberon Hair"
3,37000,"Black Orchid Hair"
3,37010,"Black Valerie Hair"
3,37020,"Black Crystal Hair"
3,37030,"Black Double Duchess Hair"
3,37040,"Delicate Hair"
3,37050,"Black Rough Pigtails"
3,37060,"Black Muse Hair"
3,37070,"Twinkle Hair"
3,37080,"Black Kanna Hair"
3,37090,"Black Twinkling Hair"
3,37100,"Black Dorothy Hair"
3,37110,"Black Cutesy Hair"
3,37120,"Neat Boyish Hair "
3,37130,"Pure Bouncy Hair "
3,37140,"Black Angelic Buster Hair"
3,37150,"Black Practical Hair"
3,37160,"Black Fluffy Fringe Hair"
3,37170,"Black Flyaway Fringe Hair"
3,37190,"Black Cute Honey Hair"
3,37200,"Black Elegant Wave Hair"
3,37210,"Black Dip Dyed Hair"
3,37220,"Black Ultra Bangs"
3,37230,"Black Flower Bun"
3,37240,"Nova Bob Cut"
3,37250,"Nova Long Curly Hair"
3,37260,"Black Angelica Hair"
3,37270,"Cute Kanna Bob (Black)"
3,37300,"Black Sylph Hair"
3,37310,"Black Cotton Candy Hair"
3,37320,"Black Lilac Hair"
3,37330,"Black Silky Curls"
3,37340,"Black Silky Locks"
3,37350,"Black Silky Twin-Tails"
3,37370,"Black Flora Hair"
3,37380,"Black Shaolin Hair"
3,37400,"Black Foxy Tail Hair"
4,37420,"Black Cutesy Twin Tail Hair"
4,37440,"Black Empress Aria Hair"
4,37450,"Black Nostalgia Hair"
4,37460,"Black Neo Orchid"
4,37470,"Black Calm Wave Hair"
4,37490,"Black Memorial"
4,37500,"Black Beryl Hair"
4,37510,"Black C-Curl Perm Hair"
4,37520,"Black Purty Parted Hair"
4,37530,"Black Iris Hair"
4,37560,"Black Bow Bleached Hair"
4,37570,"Noblesse Hair"
4,37580,"Black Time-Saver Hair"
4,37590,"Black Hayato Ponytail"
4,37600,"Black Kenji Girl Hair"
4,37610,"Black Creampuff Hair"
4,37640,"White Eternal Wind Hair"
4,37660,"Black Succubus Hair"
4,37670,"Black Colorful Hair"
4,37690,"Black Wolf Tail Hair (F)"
4,37700,"Black Juliet Hair"
4,37710,"Black Soprano Hair"
4,37720,"Black Papaya Hair"
4,37750,"Black Aerial Hair"
4,37800,"Black Upturned Pigtails Hair"
4,37810,"Black Daisy Bun"
4,37820,"Black Aurora Hair"
4,37830,"White Lavender Hair"
4,37840,"Black Sugar Hair"
4,37850,"Black Olive Hair"
4,37860,"Black Fluffy Cloud Hair"
4,37880,"Black Dahlia Hair"
4,37900,"Black Heroine Ponytail"
4,37920,"Black Lop Ear Hair"
4,37930,"é»’é«ªã®ãƒ•ãƒ¥ãƒ¼ãƒãƒ£ãƒ¼ãƒ­ã‚¤ãƒ‰_å¥³"
4,37940,"Black Love Me Hair"
4,37950,"Black Beta Hair"
4,37960,"White Fairy Queen Titania Hair"
4,37980,"Black Jubilee Hair"
4,37990,"Black Apple Tea Hair"
4,38010,"Black Blow Dry Hair"
4,38020,"Black Moon Child Hair"
4,38070,"Black Princessy Hair"
4,38090,"Black Ram Hair"
4,38100,"Black Sugar Candy Hair"
4,38120,"Black Parfait Hair"
4,38140,"Black Flower Pigtails"
4,38150,"Black Young Bob Hair"
4,38240,"Black Lily Wave Hair"
4,38270,"Black Puffram Hair"
4,38280,"Black Cruller Hair"
4,38290,"Black Star Rider Hair"
4,38310,"White Wonder Bunny"
4,38320,"Black Lovely Lass Hair"
4,38330,"Black Pinned Wave Hair"
4,38350,"Black Half Up Ponytail"
4,38380,"Black Soft Curl Hair"
4,38390,"Black Super Cutie Hair"
4,38400,"Black Sweet Honey Hair"
4,38410,"Black Natural Hair"
4,38420,"Black Roly Poly Hair"
4,38440,"[[FROZEN CONTENT]] Black Elsa Hair"
4,38450,"Black Krinkle Cut  Hair"
4,38460,"Black Twinny Hair"
4,38470,"Black Loverly Hair"
4,38480,"Black Mermaid Curl Hair"
4,38490,"Black Sugarbang Hair"
4,38510,"Black Mystic Bobbed Hair"
4,38540,"Black Twenty Hair"
4,38560,"Black Glowy Butterfly Hair"
4,38570,"Black Rainbow Hair"
4,38580,"Black Marigold Hair"
4,38590,"Black Odyssey Hair"
4,38610,"Black Shiny Ribbon Hair"
4,38660,"Chic Tail Hair"
4,38670,"Powerful Short Hair"
4,38680,"Black Airhead Hair"
4,38690,"Black Sweet Creme Hair"
4,38730,"Black Tangy Top Hair"
4,38740,"Black Bestie Girl Hair"
4,38750,"Black Sylvan Forest Hair"
4,38760,"Black Vella Hair"
4,38770,"Black Darkhound Hair"
4,38780,"Black European Style Hair"
4,38790,"Black Voluminous Pigtails"
4,38800,"Black Rough Volume Hair"
4,38810,"Black Spring Flower Hair"
4,38840,"Black Lily Hair"
4,38860,"Black Irena Buddy Hair"
4,38880,"Black Cygnus Buddy Hair"
4,38890,"Black Long Swordswoman Hair"
4,38900,"Black Short Swordswoman Hair"
4,38930,"Black Royal Twin Tails Hair"
4,39260,"Magnus Hair"
4,39340,"Emilia Hair"
4,40000,"Black Boomy Hair"
4,40010,"Black Antique Hair"
4,40020,"Black Pomade Hair"
4,40030,"Short Sporty Hair"
4,40040,"Black Frosty Hair"
4,40050,"Black Jay Hair"
4,40060,"Black Time World White Rabbit Hair"
4,40070,"Black Hayato Hair"
4,40080,"Black Dashing Kenji Hair"
4,40090,"Black Spy Hair"
4,40100,"Black Romantic Boy Hair"
4,40110,"Black New Mohican Hair"
4,40120,"Black Pageboy Hair"
4,40260,"Black Flash Hair"
4,40270,"Black Butter Hair"
4,40280,"Black White Mage Hair"
4,40290,"Black Dragon Master Hair"
4,40300,"White Smoky Wild Hair"
4,40310,"Black Forgotten Hero Hair"
4,40320,"Black Phantom Hair"
4,40350,"Black Windy Hair"
4,40360,"Feather Dye Hair"
4,40370,"Black Avant-garde Nest Hair"
4,40390,"Black Twinkling Star Hair"
4,40400,"Lush Hair"
4,40410,"Black Elf King Hair"
4,40420,"Black Polearm Warrior Hair"
4,40440,"Black Sherbet Hair"
4,40450,"Black King Hair"
4,40460,"Damien Hair"
4,40470,"Black Commence Hair"
4,40480,"Black Forest Fairy"
4,40490,"Black Pearl Hair"
4,40500,"Black Sosom Hair"
4,40510,"Black Florian Hair"
4,40530,"Black Nue Hair"
4,40540,"Black Wanderer Boy Hair"
4,40550,"Black Sol Hair"
4,40560,"Black Pompadour"
4,40570,"Black Latte Bubble Hair"
4,40580,"Black Tony Hair"
4,40590,"Black Ibaraki Hair"
4,40610,"Black Tied Two-Tone Hair"
4,40620,"Black Spiky Mess Hair"
4,40630,"Black Bandana Hair"
4,40640,"Black Multi Hair"
4,40680,"Black Rebel Boy Hair"
4,40700,"Short Black Dreads"
4,40730,"Black Manji Hair"
4,40740,"Black Whipped Hair"
4,40750,"Black Yokai Hair"
4,40780,"Black Crescent Hair"
4,40790,"Black Lively Braided Hair"
4,40800,"Black Balding Manager Hair"
4,40810,"Black Scraggly Hair"
4,40820,"Black Wavy Ombre Hair"
4,40830,"Black Cool Kid Hair"
4,40840,"Black Trend-Setting Hair"
4,40890,"Jax Hair Mod - Black"
4,40910,"Apollo Hair Mod - Black"
4,41190,"Black Quick Trim Hair"
4,41200,"Black Romantic Girl Hair"
4,41400,"Black Innocent Ponytail Hair"
4,41570,"Black Forest Fairy"
4,41580,"Black Princess of Tears Hair"
4,41610,"Black Yuri Hair"
4,41640,"Takeno Konoko Hair"
4,41740,"Black Beauty Hair"
4,41750,"Black Going to School in the Morning Hair"
4,41790,"Black Highlighted Braid Hair"
4,41800,"Black Bandana Hair"
4,41820,"Black Pudding Hair"
4,41830,"Black Choux Hair"
4,41840,"Black Pie Hair"
4,41860,"Black Lucid Hair"
4,41880,"Black Elegant Knee-length Hair"
4,41890,"Black Long Wavy Unibraid Hair"
4,41920,"Black Goth Ponytail"
4,41990,"Black Crescent Hair"
4,42100,"Subani Hair"
4,43000,"Black Commander Will Hair"
4,43010,"Black Pastel Goth Hair"
4,43020,"Black Ruffled Hair"
4,43120,"Black White Rose Hair"
4,43130,"Black Cowlick Hair"
4,43140,"Black Cool School Trim"
4,43150,"Black Cello Hair"
4,43170,"Formal Flora Hair"
4,43180,"Black Street Punk Hair"
4,43190,"Black Idol Shaved Head"
4,43200,"Black Elite Parted Hair"
4,43230,"Black Rabble Rouser Hair"
4,43240,"Black Bed Head Hair"
4,43250,"Black Contrast Bangs"
4,43260,"Black Kimono Up-do (M)"
4,43270,"Black Blademaster Hair (M)"
4,43320,"Black Boyband Hair"
5,43330,"Miro Hair"
5,43350,"Black Pompom Hair"
5,43420,"Black Cadena Copycat Hair"
5,43580,"Bobbed Flora Hair"
5,43630,"Pure Bob Cut"
5,43650,"Kitten Hair"
5,43660,"Chess Hair"
5,43680,"Black Moon Bunny Hairdo (M)"
5,43690,"Black Von Bon Hair (M)"
5,43730,"Lunar New Year Illium Hair"
5,43740,"Boyfriend Hair"
5,43750,"Straight-edge Bangs Hair"
5,43800,"Neat Dandy Cut Hair"
5,43820,"Albaire Hair"
5,43830,"Summer Cut Hair"
5,43870,"Summer Story Hair"
5,43880,"Flower Fascinator Hair"
5,43890,"Galaxy Hair"
5,43900,"Action Hero Mop Top"
5,43910,"Floppy Bangs Hair"
5,44000,"Black Lively Braided Hair"
5,44010,"Black Sugar Girl Hair"
5,44030,"Black Star Student Hair"
5,44090,"Kat Hair Mod - Black"
5,44120,"Black Bubble Tea Hair"
5,44180,"Black Damien Hair"
5,44190,"Black Pastel Goth Hair"
5,44290,"Black Fringed Bob Hair"
5,44310,"Black Sweet Fairy Hair"
5,44320,"Flyaway Bangs"
5,44330,"Sandy Black Hair"
5,44340,"Bushy Hair"
5,44360,"Black Street Punk Hair"
5,44370,"Black Half Up-Do Hair"
5,44400,"Black Healing Loli Hair"
5,44410,"Black Rabble Rouser Hair"
5,44420,"Black Bed Head Hair"
5,44430,"Black Flowing Locks Hair"
5,44440,"Black Kimono Up-do (F)"
5,44450,"Black Kemonomimi Hair (F)"
5,44460,"Black Poodle Hair"
5,44470,"Black Snowlit Hair"
5,44480,"Black Foggy Snowlit Hair"
5,44490,"Black Mini Horn Hair"
5,44500,"Long Black Hair with Bangs"
5,44510,"Black Butterfly Dance Hair"
5,44520,"Black Braid Point Hair"
5,44590,"Black Puff Pony Hair"
5,44600,"Black Cadena Copycat Hair"
5,44610,"Black Eve Hair"
5,44650,"Black Strawberry Jam Hair"
5,44780,"Breeze Hair"
5,44790,"Mimi Hair"
5,44800,"Bobbed Flora Hair"
5,44810,"Black Prism Tresses Hair"
5,44820,"Black Passion Fringe Pigtails"
5,44830,"Forest Wind Hair"
5,44840,"Maplovely Hair"
5,44850,"Mina Hair"
5,44880,"Whipped Hair"
5,44890,"Kitten Hair"
5,44900,"Wavy Mane Hair"
5,44910,"Black Wild Princess&apos;s Mane (F)"
5,44920,"Black Moon Bunny Hairdo (F)"
5,44930,"Black Von Bon Hair (F)"
5,44940,"Ivy Hair"
5,44950,"Teahouse Hair"
5,44980,"Lunar New Year Cadena Hair"
5,45000,"Ciel Hair"
5,45020,"Upstart Hair"
5,45030,"Preppy Swoosh Hair"
5,45050,"Chromatic Flip Hair"
5,45060,"Nightlife Hair"
5,45070,"Bundle o&apos; Curls Hair"
5,45080,"Neat Wave Hair"
5,45090,"Blae Hair"
5,45100,"Executor Hair"
5,45110,"Noah Hair"
5,45120,"Cain Hair"
5,45130,"Sideswept Fringe"
5,45150,"Lakia Hair"
5,45160,"Marbel Hair"
5,45220,"Flawless Hair"
5,45230,"Foggy Flawless Hair"
5,45280,"Mousse King Hair"
5,45310,"Humid Mess Hair"
5,45320,"Bad Boy Hair"
5,45340,"Enigma Hair"
5,45360,"Black Rebellious Hair"
5,45370,"Barber&apos;s Cut Hair"
5,45430,"Noble&apos;s Holiday Hair"
5,45440,"Pastel Cloud Hair"
5,45450,"Rambunctious Kid Hair"
5,45460,"Short Messy Curls"
5,45470,"Short Wiry Hair"
5,45480,"Spirit Fox Hair"
5,45490,"Blossomdew Hair"
5,45510,"White Champaca Hair"
5,45520,"Troubadour Hair"
5,45570,"Black Lonely Count Hair"
5,45620,"Mohawk Style Hair"
5,45640,"Dew Sparkle Hair"
5,45680,"Black Combed back Hair"
5,45740,"Black Good Boy Hair"
5,45760,"Black Figure Warrior Hair"
5,45770,"Nam Joo&apos;s Hair"
5,45780,"Milk Blank Hair"
5,45840,"Pudding Hair"
5,45850,"Immature Boy Hair"
5,45860,"Soft Pearl Hair"
5,45870,"Red Fox&apos;s Fate Hair"
5,45880,"Furry Hair"
5,45890,"Pretty Charming Mix Boy Hair"
5,45900,"What Are You Looking At? Hair"
5,46010,"Tousled Pompadour"
5,46020,"Wild Spiral Hair"
5,46060,"Sleek Bowl Cut"
5,46070,"Feathered Bed Head"
5,46080,"Subtle Haystack Hairdo"
5,46110,"Ice King Hair"
5,46160,"Lovely Curls Hair"
5,46170,"Aki Hair"
5,46180,"Short &apos;n&apos; Curly Perm"
5,46200,"Uneven Bangs Hair"
5,46210,"Two-Tone Wavy Perm Hair"
5,46220,"Tigris Anima Hair"
5,46230,"White Tiger Shag Cut"
5,46240,"Tousled Fringe Cut"
5,46320,"Textured Wavy Bob"
5,46340,"Round Cropped Bob"
5,46370,"Ombre Shag"
5,46380,"Baby Angel Hair"
5,46390,"Victor Hair"
5,46400,"Dandy Boyfriend Hair"
5,46410,"Lively Boy Hair"
5,46420,"Mousse Gel Hair"
5,46430,"Unknown"
5,46440,"Black Teddy Hair"
5,46450,"Red Carpet Hair"
5,46460,"Beast Hair"
5,46470,"Mongsho Hair"
5,46480,"Belial Hair"
5,46490,"Tousled Surfer Hair"
5,46500,"Toy Poodle Hair"
5,46510,"Goggles and Spikes Hair"
5,46570,"Shaggy Mess Hair"
5,46610,"Shaggy Parted Hair"
5,46640,"V Hair"
5,46680,"Powerful Hair"
5,46710,"Black Dark Maze Hair"
5,46760,"Black Bling Evan Hair"
5,46780,"Dark Feathered Bed Head"
5,46800,"Mint Hair"
5,46810,"Namo Hair"
5,46820,"Mano Hair"
5,46830,"Narang Hair"
5,46840,"Mili Hair"
5,46850,"Rami Hair"
5,46860,"Mustache Perm Hair"
5,46870,"Sigh-Worthy Hair"
5,46880,"Velvet Hair"
5,46890,"Shuri Hair"
5,46900,"Beware Hair"
5,46910,"Typhoon Hair"
5,46920,"Black Spiky Hair"
5,46930,"Cartoon Boy Hair"
5,46940,"Bling Butter Hair"
5,46950,"Two-Tone Bangs Hair"
5,46960,"Homebody Hair"
5,46970,"Puzzle King Hair"
5,46980,"Silky Puzzle King Hair"
5,47020,"Flowy Wavelengths Hair"
5,47030,"Accent Braids Hair"
5,47040,"Twisty Pufftails Hair"
5,47060,"Mini Bangs &apos;n&apos; Braids Hair"
5,47070,"Prim Feathered Bob Hair"
5,47090,"Bling Mysterie Hair"
5,47110,"Bobbed Dango Hair"
5,47140,"Tomoyo Hair"
5,47150,"Summer Story Hair"
5,47160,"Flower Fascinator Hair"
5,47170,"Galaxy Hair"
5,47180,"Black Count Dracula Hair"
5,47270,"Elodie Hair"
5,47280,"Foggy Elodie Hair"
5,47290,"Sweet C-curl Hair"
5,47300,"Double Half-up Hair"
5,47310,"Verus Hilla Hair"
5,47320,"Alliance Commander Cygnus Hair"
5,47340,"Puffy Wave Hair"
5,47350,"Beach Wavy Bangs Hair"
5,47360,"Twisted Topknot Hair"
6,47370,"Beach Wavy Pigtails Hair"
6,47380,"Lovely Shine Hair"
6,47390,"Bouncy Wave Hair"
6,47400,"Chic Fluffy Bob Hair"
6,47410,"Soft Twisted Sister Hair"
6,47420,"Roan Hair"
6,47430,"Fluffy Puffy Cloud Hair"
6,47440,"Fuzzy Fried Hair"
6,47450,"Charlotte Hair"
6,47460,"Marilyn Hair"
6,47520,"Wind-Tousled Ponytail"
6,47530,"Graceful Hair"
6,47540,"Foggy Graceful Hair"
6,47550,"Kid Berry Hair"
6,47560,"Bling Soprano Hair"
6,47570,"Midi Mysterie Hair"
6,47590,"Brush Hair"
6,47600,"Glass Bead Hair"
6,47610,"Secret Two-Tone Hair"
6,47620,"Snowy Hair"
6,47630,"Cheese Ball Hair"
6,47640,"Bubbly Hair"
6,47650,"Galaxy Hair"
6,47660,"Duna Hair"
6,47670,"Sweet Tangerine Hair"
6,47680,"Elegant Hair"
6,47690,"Delphine Hair"
6,47700,"Mustache Hair"
6,47710,"Tomato Hair"
6,47740,"Long Hair with Blunt Bangs"
6,47750,"Late Riser Hair"
6,47800,"Humid Mess Hair"
6,47810,"Balayage Hair"
6,47830,"Ellen Hair"
6,47870,"Stylish Wavy Hair"
6,47910,"Coy Braided Pigtails"
6,47930,"Black Short Floral Hair"
6,47980,"Cat-Eared Locks"
6,47990,"Spirit Fox Hair"
6,48000,"&apos;90s Long Bob"
6,48040,"Lana Hair"
6,48060,"Prim Locks"
6,48070,"Bed Head Lob"
6,48080,"Sugar Sweet Hair"
6,48090,"Kid Next Door Hair"
6,48140,"Floppy Bangs Hair"
6,48180,"Half-Pony Summer Fringe"
6,48200,"Pathfinder Hair"
6,48340,"Messy Braided Pigtails"
6,48350,"Long Hair with Parted Bangs"
6,48360,"Cool School Girl Pigtails"
6,48410,"Seren Hair"
6,48430,"Moni Hair"
6,48440,"Baby Angel Hair"
6,48450,"Curly Princess Hair"
6,48460,"Martina Hair"
6,48470,"Fun-Loving Fringe"
6,48480,"Canted Pixie Cut"
6,48520,"Luna Hair"
6,48530,"Chickpea Hair"
6,48540,"Sweet Berry Hair"
6,48550,"Fruity Explosion Hair"
6,48560,"Blossomdew Hair"
6,48570,"Stardew Hair"
6,48610,"Curlicue Fringe Bob"
6,48620,"Fluffy Bobbed Hair"
6,48630,"Black Two-Side Up Hair"
6,48640,"Magic Ella Hair"
6,48710,"Black Newtro Hair"
6,48740,"Black Foggy Sparkling Wave Hair"
6,48790,"Princess Ponytail Hair"
6,48810,"Mild Hair"
6,48890,"Fine Bob"
6,48900,"Choppy Bangs Long Hair"
6,48920,"Galaxy Girl Hair"
6,48930,"Sexy Shortcut Hair"
6,48970,"Black Foggy Clue Hair"
6,60000,"Hitman Hair"
6,60020,"Handsome Guy Hair"
6,60060,"Melodin Hair"
6,60070,"Cool Lucid Hair"
6,60080,"Short Wavy Parted Hair"
6,60100,"Black Blanche Hair"
6,60110,"Muscat Hair"
6,60120,"Crescendo Hair"
6,60170,"Bling Roan Hair"
6,60180,"Black Ash Prism Hair"
6,60190,"Fleecy Cloud Hair"
6,60200,"Ramun Hair"
6,60210,"Foggy Ramun Hair"
6,60220,"Rower Hair"
6,60230,"Sand Hair"
6,60240,"Signal Hair"
6,60250,"Love Letter Hair"
6,60260,"Dolphin Hair"
6,60270,"Glam Pear Hair"
6,60280,"Eye Bomb Hair"
6,60290,"Secret Color Hair"
6,60300,"Memory Hair"
6,60310,"Hushy Hair"
6,60320,"Caramel Hair"
6,60330,"Cashew Nut Hair"
6,60340,"Forest Hair"
6,60350,"Circular Bald Hair"
6,60360,"Soft Dandelion Seed Hair"
6,60370,"Antennae Hair"
6,60380,"Sunlit Hair"
6,60390,"Troublemaker Hair"
6,60400,"Star-flecked Hair"
6,60420,"Camellia Hair"
6,60430,"Strobilanthes Oligantha Hair"
6,60480,"Short Poofy Hair"
6,60490,"Crescent Bangs Hair"
6,60500,"Baby-Soft Hair"
6,60510,"Short Silky Hair"
6,60520,"Short Smooth Curls Hair"
6,60530,"Jerome Hair"
6,60540,"New Rondo Hair"
6,60550,"New Tess Hair"
6,60680,"Lyrk Hair"
6,60920,"Sunshine Hair"
6,60930,"Sleepwalk Hair"
6,61020,"Autumn Lady Hair"
6,61030,"Twisted Hair"
6,61050,"Melody Hair"
6,61060,"Cool Lucid Hair"
6,61070,"Cindy Hair"
6,61080,"Cutie Sour Hair"
6,61090,"Pigtails Hair"
6,61100,"Puff Pigtails Hair"
6,61110,"Wavy Short Hair"
6,61120,"Bling Long Hair with Blunt Bangs"
6,61130,"Powerful Hair"
6,61150,"Ash Bubbly Hair"
6,61180,"Fleecy Cloud Hair"
6,61190,"Rariel Hair"
6,61200,"Foggy Rariel Hair"
6,61210,"Kanta Hair"
6,61220,"Calm Hair"
6,61230,"Syndrome Hair"
6,61240,"Love Letter Hair"
6,61250,"Rain Bang Hair"
6,61260,"Bellot Hair"
6,61270,"Clean Cotton Hair"
6,61280,"Madeleine Hair"
6,61290,"Fresh Bob Hair"
6,61300,"Iced Tea Hair"
6,61310,"Morning Stroll Hair"
6,61320,"Rolling Twin Hair"
6,61330,"Daydream Hair"
6,61340,"Berry Nuts Hair"
6,61350,"Spoon of Clear Sky Hair"
6,61360,"Watercolor Hair"
6,61370,"Daze Hair"
6,61380,"Pinky Way Hair"
6,61390,"Foret Noire Hair"
6,61400,"Secret Color Hair"
6,61410,"Candy Drop Hair"
6,61420,"Adorable Hair"
6,61430,"Mandarin Tea Hair"
6,61440,"Daydreamer Hair"
6,61450,"Forever Young Hair"
6,61460,"Top Bun"
6,61470,"Soft Dandelion Seed Hair"
6,61480,"Antennae Hair"
6,61490,"Moonlit Hair"
6,61500,"Tomboy Hair"
6,61510,"Star-flecked Hair"
6,61530,"Youthful Romantic Hair"
6,61550,"Plum Blossom Hair"
6,61560,"Strobilanthes Oligantha Hair"
6,61570,"Selena Hair"
6,61650,"Sweet Lily Hair"
6,61660,"Long Silky Locks Hair"
6,61700,"Braided Locks Hair"
6,61760,"Lop-eared Ponytail Hair"
6,61770,"Short Afro-American Hair"
6,61880,"Dew Forget-me-not Hair"
6,64010,"Lyrha Hair"
6,64180,"Dancing Queen Hair"
6,64190,"Sophomore Lolita Hair"
6,64230,"Droopy Cat Ears Hair"
6,64270,"Miranda Hair"
6,64280,"Heavy Ponytail Hair"
6,64300,"Cotton Candy Hair"
6,64340,"Pudding Hair"
6,64350,"Immature Girl Hair"
6,64360,"Layered Curl Hair"
6,64410,"Red Fox&apos;s Fate Hair"
6,64420,"I Know I&apos;m Cute Hair"
6,64450,"Pretty Chic Mix Girl Hair"
6,64460,"Sweet Refreshing Hair"
