"Rango";"Nombre";"ID";"Nivel";"HP";"EXP";"Boss"
"30-35";"Cake Monster";"9400507";"30";"1200";"0";"NO"
"30-35";"Fierry GL";"9400526";"30";"800";"0";"NO"
"30-35";"Sentinel GL";"9400528";"30";"900";"0";"NO"
"30-35";"Moon Bunny";"9300061";"30";"5000";"0";"NO"
"30-35";"Tylus";"9300093";"30";"100000";"0";"NO"
"30-35";"Witch Bear";"9300369";"30";"7000";"0";"SI"
"30-35";"Item Maker";"9400707";"30";"1";"0";"NO"
"30-35";"Puppeteer";"9300285";"30";"10000";"0";"SI"
"30-35";"MasteriaPQ Mob Summoner";"9400600";"30";"5000";"0";"NO"
"30-35";"Ice Sentinel GL";"9400529";"30";"900";"0";"NO"
"30-35";"Psycho Jack Box";"9400557";"30";"10";"1";"NO"
"30-35";"Gift Box";"9500189";"30";"100";"50";"NO"
"30-35";"Fire Sentinel";"5200002";"30";"900";"55";"NO"
"30-35";"Cloud Fox";"9400002";"30";"920";"55";"NO"
"30-35";"Fire Raccoon";"9400001";"30";"900";"55";"NO"
"30-35";"Sentinel";"3000000";"30";"900";"55";"NO"
"30-35";"Ice Sentinel";"5200001";"30";"900";"55";"NO"
"30-35";"Krip";"3000006";"30";"900";"55";"NO"
"30-35";"Coketump Lite";"9500154";"30";"930";"56";"NO"
"30-35";"Goat";"9600004";"30";"900";"58";"NO"
"30-35";"Drumming Bunny";"9400238";"30";"950";"60";"NO"
"30-35";"Drumming Bunny";"9400247";"30";"950";"60";"NO"
"30-35";"Blue Boogie";"9400006";"30";"1050";"60";"NO"
"30-35";"Drumming Bunny";"3230400";"30";"950";"60";"NO"
"30-35";"Brown Tanny";"9200015";"30";"950";"60";"NO"
"30-35";"Possessed Bear Doll";"9400648";"30";"1300";"60";"NO"
"30-35";"Possessed Rabbit Doll";"9400649";"30";"1950";"60";"NO"
"30-35";"Brown Teddy";"3000005";"30";"950";"60";"NO"
"30-35";"Kiyo";"3100102";"30";"870";"60";"NO"
"30-35";"Drumming Bunny";"9500107";"30";"950";"60";"NO"
"30-35";"Drumming Bunny";"9200016";"30";"950";"60";"NO"
"30-35";"Renegade Spores";"3300000";"30";"750";"63";"NO"
"30-35";"Mighty Maple Eater";"9400548";"30";"950";"65";"NO"
"30-35";"Cake Mob (2nd) ";"9400512";"30";"950";"65";"NO"
"30-35";"Poison Mushroom";"3300001";"30";"780";"65";"NO"
"30-35";"Psycho Jack";"9400558";"30";"850";"73";"NO"
"30-35";"Adin ";"9100013";"30";"8000";"100";"NO"
"30-35";"Brown Teddy";"9300127";"30";"1800";"110";"NO"
"30-35";"Bloctopus ";"9300128";"30";"1800";"113";"NO"
"30-35";"Chronos ";"9300130";"30";"2300";"113";"NO"
"30-35";"Ratz";"9300129";"30";"1600";"115";"NO"
"30-35";"Tick-Tock";"9300132";"30";"2400";"117";"NO"
"30-35";"Fairy 1";"3000001";"30";"800";"120";"NO"
"30-35";"Fairy 2";"3000002";"30";"800";"120";"NO"
"30-35";"Fairy 4";"3000004";"30";"800";"120";"NO"
"30-35";"Magik Fierry B";"9400518";"30";"800";"120";"NO"
"30-35";"Robo";"9300133";"30";"3000";"120";"NO"
"30-35";"Fairy 3";"3000003";"30";"800";"120";"NO"
"30-35";"King Bloctopus";"9300134";"30";"3300";"135";"NO"
"30-35";"Master Chronos ";"9300135";"30";"3000";"153";"NO"
"30-35";"Jr. Balrog";"9500169";"30";"3094";"263";"SI"
"30-35";"Jr. Balrog";"9500327";"30";"9500";"300";"SI"
"30-35";"Rombot";"9300136";"30";"6500";"450";"SI"
"30-35";"Olivia";"9400641";"30";"50000";"2711";"SI"
"30-35";"Puppeteer";"9300345";"31";"12000";"0";"SI"
"30-35";"Chirppy";"3230307";"31";"800";"62";"NO"
"30-35";"Intoxicated Pig";"3300002";"31";"810";"68";"NO"
"30-35";"Fire Boar GL";"9400527";"32";"1000";"0";"NO"
"30-35";"Toe (Medium)";"9400315";"32";"800";"0";"NO"
"30-35";"Ligator";"9300234";"32";"1200";"60";"NO"
"30-35";"Ligator";"3110100";"32";"1200";"60";"NO"
"30-35";"Ligator";"9500108";"32";"1200";"60";"NO"
"30-35";"Sand Dwarf ";"3100101";"32";"1000";"60";"NO"
"30-35";"Leatty";"5300000";"32";"1000";"60";"NO"
"30-35";"Fire Boar";"3210100";"32";"1000";"60";"NO"
"30-35";"Fire Boar (PC)";"9200001";"32";"1000";"60";"NO"
"30-35";"Cube Slime";"3110300";"32";"1000";"62";"NO"
"30-35";"Dark Sand Dwarf ";"3110301";"32";"1000";"62";"NO"
"30-35";"Ratz";"9500109";"32";"1000";"65";"NO"
"30-35";"Ratz";"3110102";"32";"1000";"65";"NO"
"30-35";"Pink Teddy";"3110101";"32";"1050";"65";"NO"
"30-35";"Lupin Pig";"9302011";"32";"1050";"65";"NO"
"30-35";"Pink Tanny";"9200017";"32";"1050";"65";"NO"
"30-35";"Mask Fish";"3230104";"32";"1000";"65";"NO"
"30-35";"Helmet Pepe";"3300003";"32";"850";"71";"NO"
"30-35";"Ligator (PC)";"9300001";"32";"1000";"120";"NO"
"30-35";"Ratz from Another Dimension";"9300169";"32";"3700";"260";"NO"
"30-35";"Ratz from Another Dimension";"9300005";"32";"3700";"260";"NO"
"30-35";"Astaroth";"9400633";"32";"180000";"5250";"SI"
"30-35";"Nospeed";"9420503";"33";"1000";"60";"NO"
"30-35";"Sakura Cellion";"9400509";"33";"1100";"65";"NO"
"30-35";"Dark Leatty";"5300001";"33";"1100";"65";"NO"
"30-35";"Jr. Grupin";"3210202";"33";"1100";"65";"NO"
"30-35";"Jr. Lioner";"3210201";"33";"1100";"65";"NO"
"30-35";"Jr. Cellion";"3210200";"33";"1100";"65";"NO"
"30-35";"Cow";"9600006";"33";"1200";"66";"NO"
"30-35";"Royal Guard Pepe";"3300004";"33";"900";"75";"NO"
"30-35";"Black Ratz";"3210205";"34";"1150";"70";"NO"
"30-35";"Tick";"3210207";"34";"1100";"70";"NO"
"30-35";"Tick";"9300232";"34";"1100";"70";"NO"
"30-35";"Roloduck";"3210204";"34";"1200";"70";"NO"
"30-35";"Black Ratz from Another Dimension";"9300170";"34";"4300";"280";"NO"
"30-35";"Black Ratz from Another Dimension";"9300006";"34";"4300";"280";"NO"
"30-35";"Curse Eye GL";"9400524";"35";"1250";"0";"NO"
"30-35";"Bomb";"9300166";"35";"10000";"0";"SI"
"30-35";"P Slime";"9400520";"35";"1300";"0";"NO"
"30-35";"G Slime";"9400519";"35";"1300";"0";"NO"
"30-35";"Curse Eye 2";"9000001";"35";"800";"0";"NO"
"30-35";"Scarred Bear";"9001012";"35";"800";"0";"NO"
"30-35";"Fire Boar 2";"9000100";"35";"600";"0";"NO"
"30-35";"Blue Mushroom 2";"9000301";"35";"600";"0";"NO"
"30-35";"OctoPirate";"9001005";"35";"800";"0";"NO"
"30-35";"Cold Eye 2";"9000300";"35";"800";"0";"NO"
"30-35";"Evil Eye 2";"9000200";"35";"800";"0";"NO"
"30-35";"Lupin 2";"9000101";"35";"800";"0";"NO"
"30-35";"Zombie Mushroom 2";"9000201";"35";"600";"0";"NO"
"30-35";"Scarecrow for Training";"9001007";"35";"800";"0";"NO"
"30-35";"Tiguru of Exam";"9001011";"35";"800";"0";"NO"
"30-35";"OctoPirate";"9001006";"35";"800";"0";"NO"
"30-35";"Horned Mushroom 2";"9000002";"35";"600";"0";"NO"
"30-35";"Jr. Pepe Doll  ";"3400006";"35";"200";"5";"NO"
"30-35";"Yeti Doll  ";"3400004";"35";"200";"5";"NO"
"30-35";"Watermelon Guard Hogol ";"9500183";"35";"330000000";"35";"SI"
"30-35";"Watermelon Guard Hogol ";"9500182";"35";"330000000";"35";"SI"
"30-35";"Jr. Wraith";"9500111";"35";"1200";"70";"NO"
"30-35";"Curse Eye";"3230100";"35";"1250";"70";"NO"
"30-35";"Jr. Wraith";"3230101";"35";"1200";"70";"NO"
"30-35";"Jr. Wraith";"9500157";"35";"1200";"70";"NO"
"30-35";"Black Goat";"9600005";"35";"1250";"71";"NO"
"30-35";"Star Pixie";"3230200";"35";"1300";"72";"NO"
"30-35";"Bloctopus";"3230302";"35";"1300";"72";"NO"
"30-35";"Star Pixie";"9500110";"35";"1300";"72";"NO"
"30-35";"Coke Pig";"9500143";"35";"1400";"72";"NO"
"30-35";"Rumo";"3110302";"35";"1400";"75";"NO"
"30-35";"Jr. Pepe";"9500112";"35";"1400";"75";"NO"
"30-35";"Jr. Pepe";"5400000";"35";"1400";"75";"NO"
"30-35";"Cherry Bubble Tea";"3400000";"35";"1400";"80";"NO"
"30-35";"Green Eggy Popp";"9400510";"35";"1250";"85";"NO"
"30-35";"Jr. Boogie 2";"3230301";"35";"1700";"150";"NO"
"30-35";"Jr. Boogie 1";"3230300";"35";"1700";"150";"NO"
"30-35";"Grey Yeti and King Pepe";"3300005";"35";"120000";"210";"SI"
"30-35";"Gold Yeti and King Pepe";"3300006";"35";"120000";"210";"SI"
"30-35";"White Yeti and King Pepe";"3300007";"35";"120000";"210";"SI"
"30-35";"Curse Eye (PC)";"9300002";"35";"2000";"280";"NO"
"30-35";"Bloctopus from Another Dimension";"9300007";"35";"4900";"288";"NO"
"30-35";"Bloctopus from Another Dimension";"9300171";"35";"4900";"288";"NO"
"30-35";"Crimson Balrog";"9500328";"35";"13000";"360";"SI"
"30-35";"Boogie";"6130104";"35";"14800";"400";"NO"
"30-35";"Stumpy";"9300185";"35";"7000";"405";"SI"
"30-35";"Stumpy";"9500307";"35";"7000";"405";"SI"
"30-35";"Stumpy";"3220000";"35";"7000";"405";"SI"
"30-35";"Stumpy";"9500338";"35";"7000";"405";"SI"
"30-35";"Cursed Frog";"9400635";"35";"14000000";"5000";"SI"
"30-35";"Cursed Black Cat";"9400637";"35";"14000000";"5000";"SI"
"36-40";"Helly";"3210206";"36";"1350";"77";"NO"
"36-40";"Helly";"9500117";"36";"1350";"77";"NO"
"36-40";"Panda Teddy";"9500113";"36";"1400";"77";"NO"
"36-40";"Panda Teddy";"3210203";"36";"1400";"77";"NO"
"36-40";"Retz";"3210208";"36";"1400";"78";"NO"
"36-40";"Scuba Pepe";"3210450";"36";"1430";"80";"NO"
"36-40";"Yeti Doll";"9410009";"36";"1550";"81";"NO"
"36-40";"Jr. Pepe Doll";"9410011";"36";"1400";"81";"NO"
"36-40";"Fire Tusk";"9400542";"36";"1450";"85";"NO"
"36-40";"Mango Bubble Tea";"3400001";"36";"1500";"85";"NO"
"36-40";"Puppeteer";"9300346";"37";"20000";"0";"SI"
"36-40";"Lupin (PC)";"9200006";"37";"1500";"77";"NO"
"36-40";"Lupin";"9300225";"37";"1500";"77";"NO"
"36-40";"Lupin";"3210800";"37";"1500";"77";"NO"
"36-40";"Black Sheep";"9300224";"37";"1500";"79";"NO"
"36-40";"Black Sheep";"9600008";"37";"1500";"79";"NO"
"36-40";"Lorang";"9500115";"37";"1950";"80";"NO"
"36-40";"Lorang";"9300227";"37";"1950";"80";"NO"
"36-40";"Lorang";"3230102";"37";"1950";"80";"NO"
"36-40";"Chronos";"3230306";"37";"1750";"82";"NO"
"36-40";"Cronos";"9300015";"37";"2750";"82";"NO"
"36-40";"Propelly";"3230303";"37";"1700";"82";"NO"
"36-40";"Melon Bubble Tea";"3400002";"37";"1600";"88";"NO"
"36-40";"O Slime";"9400521";"38";"1850";"0";"NO"
"36-40";"Indigo Eye PQ";"9400533";"38";"1550";"0";"NO"
"36-40";"B Slime";"9400522";"38";"1850";"0";"NO"
"36-40";"Freezer";"9420501";"38";"1900";"80";"NO"
"36-40";"King Blockpus";"9500114";"38";"1850";"85";"NO"
"36-40";"Indigo Eye";"9400515";"38";"1550";"85";"NO"
"36-40";"Planey";"3230304";"38";"1830";"85";"NO"
"36-40";"Triple Rumo";"3110303";"38";"1850";"85";"NO"
"36-40";"Jr. Seal";"3230405";"38";"1850";"85";"NO"
"36-40";"King Bloctopus";"3230103";"38";"1850";"85";"NO"
"36-40";"Plow Ox";"9600007";"38";"1800";"86";"NO"
"36-40";"Coke Seal";"9500145";"38";"1850";"87";"NO"
"36-40";"Yellow Bubble Tea";"9410006";"38";"1900";"88";"NO"
"36-40";"Green Bubble Tea";"9410007";"38";"1900";"88";"NO"
"36-40";"Red Bubble Tea";"9410005";"38";"1900";"88";"NO"
"36-40";"Yeti Doll Claw Game";"3400003";"38";"1600";"95";"NO"
"36-40";"Jr. Pepe Doll Claw Game";"3400005";"38";"1700";"100";"NO"
"36-40";"Deo";"9500339";"38";"7700";"445";"SI"
"36-40";"Deo";"3220001";"38";"7700";"445";"SI"
"36-40";"Deo";"9300186";"38";"7700";"445";"SI"
"36-40";"Prime Minister";"3300008";"38";"12500";"800";"SI"
"36-40";"Pharaoh Jr. Yeti";"9700019";"39";"1";"0";"NO"
"36-40";"Pyramid Skeleton";"9700005";"39";"1";"0";"NO"
"36-40";"Anubis";"9700008";"39";"1";"0";"NO"
"36-40";"Pharaoh Yeti";"9700021";"39";"1";"0";"SI"
"36-40";"Toy Trojan GL";"9400531";"39";"1920";"0";"NO"
"36-40";"Mummy";"9700006";"39";"1";"0";"NO"
"36-40";"Pharaoh Snake";"9700007";"39";"1";"0";"NO"
"36-40";"Pyramid Mummydog";"9700004";"39";"1";"0";"NO"
"36-40";"Transformed Doll Claw Game";"3400007";"39";"200";"5";"NO"
"36-40";"Tweeter";"9500118";"39";"1900";"85";"NO"
"36-40";"Tweeter";"3230308";"39";"1900";"85";"NO"
"36-40";"Toy Trojan";"9500119";"39";"1920";"92";"NO"
"36-40";"Toy Trojan";"3230305";"39";"1920";"92";"NO"
"36-40";"Toy Trojan";"9300011";"39";"1920";"92";"NO"
"36-40";"Transformed Doll Claw Game";"3400008";"39";"1800";"110";"NO"
"36-40";"Toy Trojan";"9300131";"39";"2300";"115";"NO"
"36-40";"유령선 함장의 영혼";"9700038";"40";"1";"0";"SI"
"36-40";"Cold Eye GL";"9400525";"40";"2000";"0";"NO"
"36-40";"Snack Bar";"9500178";"40";"1435";"0";"NO"
"36-40";"Transparent Pharaoh Yeti";"9700022";"40";"1";"0";"SI"
"36-40";"Crystal Boar PQ";"9400534";"40";"1900";"0";"NO"
"36-40";"Magik Fiarry A PQ";"9400535";"40";"1930";"0";"NO"
"36-40";"Pharaoh Jr. Yeti";"9700029";"40";"1";"0";"NO"
"36-40";"Zombie Lupin GL";"9400530";"40";"1800";"0";"NO"
"36-40";"Transparent Pharaoh Yeti";"9700023";"40";"1";"0";"SI"
"36-40";"Blue Perfume";"4300000";"40";"1";"0";"NO"
"36-40";"Spirit of Rock's Soul";"4300017";"40";"1";"0";"SI"
"36-40";"Baby typhon";"9400573";"40";"100";"10";"NO"
"36-40";"Cold Eye (PC)";"9200013";"40";"2000";"85";"NO"
"36-40";"Cold Eye";"4230100";"40";"2000";"85";"NO"
"36-40";"Angry Snowman";"9500318";"40";"4500";"85";"SI"
"36-40";"Crystal Boar";"9400516";"40";"1900";"90";"NO"
"36-40";"Zombie Lupin";"9300226";"40";"1800";"90";"NO"
"36-40";"Zombie Lupin (PC)";"9200007";"40";"1800";"90";"NO"
"36-40";"Zombie Lupin";"4230101";"40";"1800";"90";"NO"
"36-40";"Zombie Lupin";"9500116";"40";"1800";"90";"NO"
"36-40";"Paper Lantern Ghost";"9400011";"40";"1920";"93";"NO"
"36-40";"Poopa";"4230200";"40";"1900";"95";"NO"
"36-40";"Barnard Gray";"9300332";"40";"1930";"95";"NO"
"36-40";"Tick-Tock";"9300233";"40";"1900";"95";"NO"
"36-40";"Barnard Gray";"4230116";"40";"1930";"95";"NO"
"36-40";"Desert Giant ";"4230600";"40";"1800";"95";"NO"
"36-40";"Clown Monkey";"9410003";"40";"1850";"95";"NO"
"36-40";"Red Lizard";"9420003";"40";"1920";"95";"NO"
"36-40";"Tick-Tock";"4230113";"40";"1900";"95";"NO"
"36-40";"Chipmunk";"4230500";"40";"1900";"95";"NO"
"36-40";"Poison Poopa";"4230201";"40";"1910";"97";"NO"
"36-40";"Angry Strawberry Cake";"9400603";"40";"1300";"100";"NO"
"36-40";"Blue Perfume";"4300001";"40";"1800";"110";"NO"
"36-40";"Nightmare";"9400563";"40";"0";"120";"NO"
"36-40";"Magik Fierry A";"9400517";"40";"1930";"135";"NO"
"36-40";"Block Golem from Another Dimension";"9300009";"40";"6500";"408";"NO"
"36-40";"Witch Bear";"9300370";"40";"7700";"445";"SI"
"36-40";"Papa Pixie";"9500329";"40";"19300";"475";"SI"
"36-40";"Transformed Snack Bar";"9500179";"40";"5810";"532";"SI"
"36-40";"King Slime";"9500340";"40";"8000";"800";"SI"
"36-40";"King Slime";"9300187";"40";"8000";"800";"SI"
"36-40";"King Slime";"9300003";"40";"8000";"800";"SI"
"36-40";"Silver Slime";"9400203";"40";"800";"20000";"NO"
"41-45";"Yellow Perfume";"4300002";"41";"1";"0";"NO"
"41-45";"Electrophant";"9400543";"41";"1600";"95";"NO"
"41-45";"Flyeye (JP)";"9400217";"41";"1600";"95";"NO"
"41-45";"Flyeye";"4230107";"41";"1600";"95";"NO"
"41-45";"Platoon Chronos";"4230114";"41";"2050";"99";"NO"
"41-45";"Platoon Chronos";"9300230";"41";"2050";"99";"NO"
"41-45";"Robo";"4230111";"41";"2000";"99";"NO"
"41-45";"Platoon Cronos";"9300016";"41";"3050";"99";"NO"
"41-45";"Red Porky";"4230501";"41";"2000";"99";"NO"
"41-45";"Mateon";"9300335";"41";"2080";"99";"NO"
"41-45";"Mateon";"4230119";"41";"2080";"99";"NO"
"41-45";"Yellow Perfume";"4300003";"41";"1900";"115";"NO"
"41-45";"Pink Perfume";"4300004";"42";"1";"0";"NO"
"41-45";"Nependeath";"4230122";"42";"2100";"99";"NO"
"41-45";"Iron Hog";"4230103";"42";"2200";"99";"NO"
"41-45";"Nependeath";"4230105";"42";"2100";"99";"NO"
"41-45";"Iron Hook";"4090000";"42";"2200";"99";"NO"
"41-45";"Play Seal";"9500146";"42";"2250";"100";"NO"
"41-45";"Zeta Gray";"4230117";"42";"2300";"102";"NO"
"41-45";"Zeta";"9300239";"42";"2300";"102";"NO"
"41-45";"Mossy Snail";"4250000";"42";"2400";"102";"NO"
"41-45";"Angry Stray Dog";"9410002";"42";"2300";"102";"NO"
"41-45";"Block Golem";"4230109";"42";"2400";"102";"NO"
"41-45";"Freezer";"4230124";"42";"2300";"102";"NO"
"41-45";"Iron Mutae";"4110300";"42";"2400";"102";"NO"
"41-45";"Zeta Gray (JP)";"9400216";"42";"2300";"102";"NO"
"41-45";"Pink Perfume";"4300005";"42";"2000";"120";"NO"
"41-45";"Iron Hog";"9300060";"42";"1100";"296";"NO"
"41-45";"Jr. Cerebes";"4230108";"43";"2300";"102";"NO"
"41-45";"Black Porky";"4230502";"43";"2400";"103";"NO"
"41-45";"Sparker";"4230123";"43";"2400";"103";"NO"
"41-45";"Octobunny";"9420508";"43";"2150";"120";"NO"
"41-45";"Kid Mannequin";"4300006";"43";"2300";"122";"NO"
"41-45";"Dark Eye from Another Dimension";"9300014";"43";"6500";"340";"NO"
"41-45";"Shadow Eye from Another Dimension";"9300008";"43";"7100";"340";"NO"
"41-45";"Deathly Fear";"9300084";"43";"6500";"340";"NO"
"41-45";"Pyramid Skeleton";"9700010";"44";"1";"0";"NO"
"41-45";"Pyramid Mummydog";"9700009";"44";"1";"0";"NO"
"41-45";"Mummy";"9700011";"44";"1";"0";"NO"
"41-45";"Anubis";"9700013";"44";"1";"0";"NO"
"41-45";"Pharaoh Snake";"9700012";"44";"1";"0";"NO"
"41-45";"Crimson Balrog";"6400006";"44";"50000";"10";"SI"
"41-45";"주니어 발록";"6400005";"44";"50000";"10";"SI"
"41-45";"Master Robo";"4230112";"44";"2450";"105";"NO"
"41-45";"Plateon";"4230120";"44";"2480";"105";"NO"
"41-45";"Skeledog";"4230125";"44";"2450";"107";"NO"
"41-45";"I.AM.ROBOT";"9400546";"44";"2490";"120";"NO"
"41-45";"Female Mannequin";"4300007";"44";"2400";"125";"NO"
"41-45";"Giant Nependeath";"9300378";"45";"2000";"0";"NO"
"41-45";"Giant";"9300348";"45";"25000";"0";"SI"
"41-45";"Seruf";"4220001";"45";"2550";"0";"SI"
"41-45";"Red Flower Serpent";"9300161";"45";"2550";"0";"SI"
"41-45";"Blue Flower Serpent";"9300160";"45";"2550";"0";"SI"
"41-45";"Leprechaun";"9400584";"45";"45";"0";"NO"
"41-45";"Copper Drake";"4130100";"45";"2700";"105";"NO"
"41-45";"Lunar Pixie";"4230106";"45";"2500";"105";"NO"
"41-45";"Reinforced Iron Mutae";"9300252";"45";"2550";"110";"NO"
"41-45";"Big Cloud Fox";"9400004";"45";"2600";"110";"NO"
"41-45";"King Block Golem";"9500120";"45";"2600";"110";"NO"
"41-45";"Reinforced Iron Mutae";"4110301";"45";"2550";"110";"NO"
"41-45";"Igloo Turtle";"9500148";"45";"2600";"110";"NO"
"41-45";"Ultra Gray";"9300240";"45";"2550";"110";"NO"
"41-45";"Ultra Gray";"4230118";"45";"2550";"110";"NO"
"41-45";"King Block Golem";"4230110";"45";"2600";"110";"NO"
"41-45";"Giant Nependeath";"9300347";"45";"5000";"110";"NO"
"41-45";"Moon Bunny";"4230300";"45";"2600";"110";"NO"
"41-45";"Ultra Gray (JP)";"9400215";"45";"2550";"110";"NO"
"41-45";"Red Flower Serpent";"4230504";"45";"2550";"110";"NO"
"41-45";"Blue Flower Serpent";"4230503";"45";"2550";"110";"NO"
"41-45";"Iron Boar";"4230400";"45";"2650";"115";"NO"
"41-45";"Green Boogie";"9400007";"45";"2900";"120";"NO"
"41-45";"Deluxe Candle";"9400604";"45";"2000";"120";"NO"
"41-45";"Male Mannequin";"4300008";"45";"2500";"128";"NO"
"41-45";"Extra A";"9400100";"45";"2800";"130";"NO"
"41-45";"Chlorotrap";"9420527";"45";"2600";"132";"NO"
"41-45";"Leprechaun";"9400583";"45";"2800";"135";"NO"
"41-45";"Seruf";"4220000";"45";"7800";"330";"SI"
"41-45";"Papa Pixie";"9500170";"45";"8925";"543";"SI"
"41-45";"Pianus";"9500332";"45";"26000";"550";"SI"
"41-45";"Mushmom";"9500326";"45";"25500";"550";"SI"
"41-45";"Cross (Medium)";"9400320";"45";"7500";"1000";"SI"
"46-50";"Tortie";"4130101";"46";"2550";"110";"NO"
"46-50";"Mecateon";"4230121";"46";"2600";"110";"NO"
"46-50";"Mecateon";"9300336";"46";"2600";"110";"NO"
"46-50";"Mecateon";"9300337";"46";"2600";"110";"NO"
"46-50";"Tree Rod";"4250001";"46";"2600";"112";"NO"
"46-50";"Master Chronos";"4230115";"46";"2600";"115";"NO"
"46-50";"Master Chronos";"9300231";"46";"2600";"115";"NO"
"46-50";"Master Cronos";"9300017";"46";"3600";"115";"NO"
"46-50";"Master Chronos (JP)";"9400214";"46";"2600";"115";"NO"
"46-50";"Latest Hits Compilation";"4300009";"46";"2600";"130";"NO"
"46-50";"Dark Nependeath";"4130102";"47";"2700";"115";"NO"
"46-50";"Dark Nependeath";"4130104";"47";"2700";"115";"NO"
"46-50";"Mithril  mutae";"4110302";"47";"2750";"117";"NO"
"46-50";"Jar";"4230505";"47";"2700";"117";"NO"
"46-50";"Biker Monkey";"9410004";"47";"2800";"117";"NO"
"46-50";"Mummydog";"4230126";"47";"2750";"117";"NO"
"46-50";"Greatest Oldies";"4300010";"47";"2700";"133";"NO"
"46-50";"Emo Slime";"9420528";"47";"2850";"135";"NO"
"46-50";"Extra B";"9400101";"47";"2800";"139";"NO"
"46-50";"Greatest Oldies";"4300014";"47";"2700";"150";"NO"
"46-50";"Mithril Mutae";"9300255";"47";"23000";"300";"NO"
"46-50";"Reinforced Mithril Mutae";"9300144";"47";"23000";"300";"NO"
"46-50";"Rombot";"4130103";"47";"11000";"720";"SI"
"46-50";"Rombad from Another Dimension";"9300010";"47";"33000";"850";"SI"
"46-50";"Baby Balrog";"6400007";"48";"2800";"10";"SI"
"46-50";"Wraith";"9500121";"48";"2800";"120";"NO"
"46-50";"Wraith";"9500156";"48";"2800";"120";"NO"
"46-50";"Wraith";"4230102";"48";"2800";"120";"NO"
"46-50";"Ginseng Jar";"4230506";"48";"2800";"123";"NO"
"46-50";"Clang";"9300228";"48";"3000";"128";"NO"
"46-50";"Clang";"4230104";"48";"3000";"128";"NO"
"46-50";"Cheap Amplifier";"4300011";"48";"2800";"138";"NO"
"46-50";"Trucker";"9420507";"48";"3000";"160";"NO"
"46-50";"Cheap Amplifier";"4300015";"48";"2800";"180";"NO"
"46-50";"Pharaoh Snake";"9700017";"49";"1";"0";"NO"
"46-50";"Anubis";"9700018";"49";"1";"0";"NO"
"46-50";"Pyramid Skeleton";"9700015";"49";"1";"0";"NO"
"46-50";"Pyramid Mummydog";"9700014";"49";"1";"0";"NO"
"46-50";"Mummy";"9700016";"49";"1";"0";"NO"
"46-50";"Fancy Amplifier ";"4300012";"49";"3000";"143";"NO"
"46-50";"Fancy Amplifier ";"4300016";"49";"3000";"190";"NO"
"46-50";"Chief Gray";"9300334";"49";"9000";"580";"NO"
"46-50";"Chief Gray";"9500122";"49";"9000";"580";"NO"
"46-50";"Chief Gray";"4240000";"49";"9000";"580";"NO"
"46-50";"Spirit of Rock";"4300013";"49";"250000";"1700";"SI"
"46-50";"Giant Snowman (Lvl 5) - Medium";"9400331";"50";"14000";"0";"NO"
"46-50";"Giant Snowman (Lvl 2) - Medium";"9400328";"50";"11000";"0";"NO"
"46-50";"Giant Snowman (Lvl 1) - Medium";"9400327";"50";"10000";"0";"NO"
"46-50";"Giant Snowman (Lvl 3) - Medium";"9400329";"50";"12000";"0";"NO"
"46-50";"Transforming Jr. Yeti";"5100001";"50";"3700";"0";"NO"
"46-50";"Balrog Corpse";"9300327";"50";"30000";"0";"SI"
"46-50";"Giant Snowman (Lvl 4) - Medium";"9400330";"50";"13000";"0";"NO"
"46-50";"Sophilia Doll Ground";"9400559";"50";"2000";"55";"NO"
"46-50";"Giant Centipede";"9600009";"50";"18000";"108";"SI"
"46-50";"Sophilia Doll";"9400560";"50";"1800";"115";"NO"
"46-50";"Red Eggy Popp";"9400749";"50";"2150";"120";"NO"
"46-50";"Phantom Tree";"9400587";"50";"3500";"122";"NO"
"46-50";"Phantom Tree";"9400588";"50";"3500";"122";"NO"
"46-50";"Tippo Red";"9420504";"50";"2900";"130";"NO"
"46-50";"Straw Target Dummy";"5120503";"50";"3000";"135";"NO"
"46-50";"Drake (PC)";"9200012";"50";"3200";"135";"NO"
"46-50";"Yeti UFO Catcher";"9410008";"50";"3800";"135";"NO"
"46-50";"Jr. Yetti";"9200018";"50";"3700";"135";"NO"
"46-50";"Reinforced Mithril Mutae";"9300253";"50";"3000";"135";"NO"
"46-50";"Jr. Yeti";"5100000";"50";"3700";"135";"NO"
"46-50";"Reinforced Mithril Mutae ";"5110300";"50";"3000";"135";"NO"
"46-50";"Jr. Pepe UFO Catcher";"9410010";"50";"3800";"135";"NO"
"46-50";"Drake";"5130100";"50";"3200";"135";"NO"
"46-50";"Coke Golem";"9500149";"50";"3600";"136";"NO"
"46-50";"Possessed Bear Doll";"9400650";"50";"2950";"140";"NO"
"46-50";"Hodori";"5100003";"50";"3800";"140";"NO"
"46-50";"Possessed Rabbit Doll";"9400651";"50";"3950";"145";"NO"
"46-50";"Extra C";"9400102";"50";"3100";"148";"NO"
"46-50";"Headless Horseman";"9400571";"50";"4000";"160";"SI"
"46-50";"Gryphon";"9400544";"50";"3300";"220";"NO"
"46-50";"Dead Scarecrow";"9400639";"50";"3300";"220";"NO"
"46-50";"Unknown Jr. Balrog";"9300326";"50";"10000";"400";"SI"
"46-50";"Witch Bear";"9300371";"50";"9800";"410";"SI"
"46-50";"Faust";"9500308";"50";"9800";"410";"SI"
"46-50";"Faust";"9300189";"50";"9800";"410";"SI"
"46-50";"Faust";"5220002";"50";"9800";"410";"SI"
"46-50";"Faust";"9500341";"50";"9800";"410";"SI"
"46-50";"Giant Centipede";"5220004";"50";"15000";"425";"SI"
"46-50";"Snowman2";"9400709";"50";"162000";"543";"SI"
"46-50";"Frankenroid";"9500335";"50";"30000";"675";"SI"
"46-50";"Leviathan";"9500333";"50";"30000";"675";"SI"
"46-50";"Alishar";"9500330";"50";"32000";"675";"SI"
"46-50";"Giant Centipede";"9600010";"50";"18000";"1080";"SI"
"46-50";"Giant Centipede";"9300188";"50";"18000";"1080";"SI"
"46-50";"Crimson Balrog";"9500171";"50";"18620";"1267";"SI"
"46-50";"Slot Machine";"9400114";"50";"50000";"1500";"NO"
"46-50";"Alishar";"9500172";"50";"20230";"1590";"SI"
"46-50";"Giant Centipede";"9500177";"50";"20692";"1780";"SI"
"46-50";"Olivia";"9400642";"50";"210000";"6950";"SI"
"46-50";"Holiday Super Sock";"9600065";"50";"20000000";"10000";"NO"
"51-55";"Jr. Balrog";"9303010";"51";"5000";"0";"NO"
"51-55";"Lord Pirate";"9303011";"51";"5000";"0";"NO"
"51-55";"Papa Pixie";"9303012";"51";"5000";"0";"NO"
"51-55";"King Sage Cat";"9303009";"51";"5000";"0";"NO"
"51-55";"Buffy";"9300315";"51";"3500";"1";"SI"
"51-55";"Stone Bug";"5250001";"51";"3600";"142";"NO"
"51-55";"Firebomb";"5100002";"51";"3600";"142";"NO"
"51-55";"Wooden Target Dummy";"5120504";"51";"3200";"142";"NO"
"51-55";"Jr. Cellion in Tower of Goddess";"9300051";"51";"6400";"305";"NO"
"51-55";"Jr. Grupin in Tower of Goddess";"9300053";"51";"6400";"305";"NO"
"51-55";"Jr. Lioner in Tower of Goddess";"9300052";"51";"6400";"305";"NO"
"51-55";"Luster Pixie";"5120000";"52";"4000";"155";"NO"
"51-55";"Croco";"5130103";"52";"3800";"170";"NO"
"51-55";"Croko";"9300235";"52";"3800";"170";"NO"
"51-55";"Dark Fission";"9420529";"52";"3700";"172";"NO"
"51-55";"Soul Teddy";"9300316";"53";"4500";"2";"SI"
"51-55";"Tippo Blue";"9420505";"53";"3200";"140";"NO"
"51-55";"Lioner";"5120002";"53";"4200";"160";"NO"
"51-55";"Grupin";"5120003";"53";"4200";"160";"NO"
"51-55";"Cellion";"5120001";"53";"4200";"160";"NO"
"51-55";"Bellflower Root";"5120501";"53";"4200";"160";"NO"
"51-55";"Hogul";"5100005";"53";"4500";"165";"NO"
"51-55";"Star Pixie in Tower of Goddess(Summon Boss)";"9300055";"53";"6300";"320";"NO"
"51-55";"Star Pixie in Tower of Goddess";"9300046";"53";"6300";"320";"NO"
"51-55";"Shadow Knight";"9300351";"54";"44000";"0";"SI"
"51-55";"Mu Gong's Shadow";"9300350";"54";"22000";"0";"SI"
"51-55";"Mimic";"9300004";"54";"4100";"165";"NO"
"51-55";"Roid ";"9400240";"54";"4400";"168";"NO"
"51-55";"Sr. Bellflower Root";"5120502";"54";"4400";"168";"NO"
"51-55";"Roid ";"5110301";"54";"4400";"168";"NO"
"51-55";"Roid ";"9400249";"54";"4400";"168";"NO"
"51-55";"Cellion in Tower of Goddess";"9300057";"54";"4400";"170";"NO"
"51-55";"Cellion in Tower of Goddess";"9300040";"54";"4400";"170";"NO"
"51-55";"Lunar Pixie in Tower of Goddess";"9300045";"54";"6600";"325";"NO"
"51-55";"Lunar Pixie in Tower of Goddess(Summon Boss)";"9300054";"54";"6600";"335";"NO"
"51-55";"MT-09";"5120100";"54";"13500";"980";"SI"
"51-55";"Willi";"9300162";"55";"95000";"0";"NO"
"51-55";"King Clang";"5220001";"55";"4000";"0";"SI"
"51-55";"Malady";"9400200";"55";"4200";"1";"NO"
"51-55";"Lazy Buffy";"9300317";"55";"5500";"3";"SI"
"51-55";"Jr. Balrog";"6400008";"55";"30000";"10";"SI"
"51-55";"Crimson Balrog";"6400009";"55";"28000";"10";"SI"
"51-55";"Stone Golem";"9400243";"55";"4000";"170";"NO"
"51-55";"Stone Golem (PC)";"9200009";"55";"4000";"170";"NO"
"51-55";"Stone Golem";"5130101";"55";"4000";"170";"NO"
"51-55";"Hector";"5130104";"55";"4600";"170";"NO"
"51-55";"Stone Golem (JP)";"9400212";"55";"4000";"170";"NO"
"51-55";"Mossy Mushroom";"5250000";"55";"4400";"175";"NO"
"51-55";"Malady";"5300100";"55";"4000";"175";"NO"
"51-55";"The Book Ghost";"5120506";"55";"4500";"175";"NO"
"51-55";"Red Slime";"9400204";"55";"6000";"240";"NO"
"51-55";"Papulatus";"9500331";"55";"46000";"850";"SI"
"51-55";"Lord Pirate";"9500334";"55";"48000";"925";"SI"
"51-55";"King Clang";"5220000";"55";"25000";"1210";"SI"
"51-55";"King Clang";"9500342";"55";"25000";"1210";"SI"
"51-55";"King Clang";"9500309";"55";"25000";"1210";"SI"
"51-55";"King Clang";"9300190";"55";"25000";"1210";"SI"
"56-60";"Balrog";"8830009";"56";"2233800";"0";"SI"
"56-60";"Transforming Dark Jr. Yeti";"5130106";"56";"4400";"0";"NO"
"56-60";"Balrog";"8830002";"56";"3060000";"0";"SI"
"56-60";"Lord Pirate's Jar";"9300108";"56";"4300";"92";"NO"
"56-60";"Dark Jr. Yeti (JP)";"9400213";"56";"4400";"180";"NO"
"56-60";"Dark Jr. Yeti";"5130105";"56";"4400";"180";"NO"
"56-60";"Grizzly";"9300244";"56";"4800";"185";"NO"
"56-60";"Three-Tailed Fox";"9500155";"56";"4500";"185";"NO"
"56-60";"Samiho";"5100004";"56";"4500";"185";"NO"
"56-60";"Samiho";"9300243";"56";"4500";"185";"NO"
"56-60";"Grizzly";"5120500";"56";"4800";"185";"NO"
"56-60";"Oly Oly";"9420530";"56";"4600";"185";"NO"
"56-60";"Luster Pixie in Tower of Goddess";"9300047";"56";"7200";"355";"NO"
"56-60";"Luster Pixie in Tower of Goddess(Summon Boss)";"9300056";"56";"7200";"355";"NO"
"56-60";"Luster Pixie";"9300236";"56";"7200";"355";"NO"
"56-60";"Alishar";"9300012";"56";"125000";"4800";"SI"
"56-60";"Alishar";"9300192";"56";"125000";"4800";"SI"
"56-60";"Alishar";"9500343";"56";"125000";"4800";"SI"
"56-60";"Shade";"5090000";"56";"30000";"5600";"SI"
"56-60";"Master Soul Teddy";"9300318";"57";"6500";"4";"SI"
"56-60";"Lord Pirate's Ginseng Jar";"9300109";"57";"4500";"95";"NO"
"56-60";"Skeleton Soldier";"5150001";"57";"4600";"190";"NO"
"56-60";"Miner Zombie";"5130108";"57";"4500";"190";"NO"
"56-60";"Miner Zombie (JP)";"9400209";"57";"4500";"190";"NO"
"56-60";"Coolie Zombie";"5130107";"57";"4500";"190";"NO"
"56-60";"Coolie Zombie (JP)";"9400210";"57";"4700";"190";"NO"
"56-60";"Primitive Boar";"5250002";"57";"4500";"200";"NO"
"56-60";"Cellion in Tower of Goddess";"9300041";"57";"7300";"370";"NO"
"56-60";"Grupin in Tower of Goddess";"9300042";"57";"7300";"370";"NO"
"56-60";"Lioner in Tower of Goddess";"9300043";"57";"7300";"370";"NO"
"56-60";"Tic (Hard)";"9400316";"58";"4000";"0";"NO"
"56-60";"Zoo White Fang";"9500202";"58";"10000";"10";"SI"
"56-60";"Lord Pirate's Enraged Mr. Alli";"9300114";"58";"2700";"68";"NO"
"56-60";"Lord Pirate's Bellflower";"9300110";"58";"4700";"98";"NO"
"56-60";"Dark Stone Golem";"5130102";"58";"4800";"200";"NO"
"56-60";"Dark Stone Golem (JP)";"9400211";"58";"4800";"200";"NO"
"56-60";"Pac Pinky";"9420509";"58";"5000";"200";"NO"
"56-60";"Experimental Neo Huroid";"9300154";"58";"5600";"205";"NO"
"56-60";"Reindeer";"5120505";"58";"5600";"205";"NO"
"56-60";"Neo Huroid";"5110302";"58";"5600";"205";"NO"
"56-60";"White Fang";"9200019";"58";"5800";"220";"NO"
"56-60";"White Fang";"5140000";"58";"5800";"220";"NO"
"56-60";"Pyramid Mummydog";"9700024";"59";"1";"0";"NO"
"56-60";"Mummy";"9700026";"59";"1";"0";"NO"
"56-60";"Scaredy Scarlion";"9420550";"59";"5800";"0";"NO"
"56-60";"Pyramid Skeleton";"9700025";"59";"1";"0";"NO"
"56-60";"Pharaoh Snake";"9700027";"59";"1";"0";"NO"
"56-60";"Ratatula";"9420545";"59";"6200";"0";"NO"
"56-60";"Anubis";"9700028";"59";"1";"0";"NO"
"56-60";"Klock";"9300319";"59";"7500";"5";"SI"
"56-60";"Lord Pirate's Enraged Kru";"9300115";"59";"2820";"70";"NO"
"56-60";"Lord Pirate's Ancient Bellflower";"9300111";"59";"4900";"100";"NO"
"56-60";"Lord Pirate's 100yrOld Bellflower";"9300112";"59";"4100";"100";"NO"
"56-60";"Lord Pirate's Enraged Ginseng Jar";"9300126";"59";"9500";"105";"NO"
"56-60";"Lord Pirate's Mr. Alli";"9300123";"59";"7350";"150";"NO"
"56-60";"Lord Pirate's Furious Mr. Alli";"9300120";"59";"8820";"180";"NO"
"56-60";"Ratatula";"9420532";"59";"6200";"210";"NO"
"56-60";"Mixed Golem";"5150000";"59";"6000";"210";"NO"
"56-60";"Mixed Golem";"9500123";"59";"6000";"210";"NO"
"56-60";"Mixed Golem";"9400244";"59";"6000";"210";"NO"
"56-60";"Scaredy Scarlion";"9420531";"59";"5800";"220";"NO"
"56-60";"Ghost Pixie";"9300237";"59";"9000";"420";"NO"
"56-60";"Ghost Pixie";"9300038";"59";"9000";"420";"NO"
"56-60";"Nependeath in Tower of Goddess";"9300048";"59";"10000";"430";"NO"
"56-60";"Royal Nependeath in Tower of Goddess";"9300049";"59";"10000";"430";"NO"
"56-60";"Timer";"9500344";"59";"21000";"650";"SI"
"56-60";"Timer";"9300193";"59";"21000";"650";"SI"
"56-60";"Timer";"9500310";"59";"21000";"650";"SI"
"56-60";"Timer";"5220003";"59";"21000";"650";"SI"
"56-60";"Balrog";"8830008";"60";"2059200";"0";"SI"
"56-60";"Blin";"6130201";"60";"3500";"0";"NO"
"56-60";"Transforming Doll Machine  (Before)";"9300256";"60";"1500";"0";"NO"
"56-60";"해군 이등병 유령";"9700030";"60";"60000";"0";"SI"
"56-60";"UFO Catcher";"9410012";"60";"1500";"0";"NO"
"56-60";"Tac (Hard)";"9400317";"60";"4500";"0";"NO"
"56-60";"Balrog";"8830001";"60";"2640000";"0";"SI"
"56-60";"Witch Bear";"9300372";"60";"25000";"0";"SI"
"56-60";"Lord Pirate's Enraged Captain";"9300116";"60";"2940";"72";"NO"
"56-60";"Lord Pirate's 100yrOld Ancient Bellflower";"9300113";"60";"4300";"104";"NO"
"56-60";"Lord Pirate's Kru";"9300124";"60";"7800";"156";"NO"
"56-60";"Lord Pirate's Furious Kru";"9300121";"60";"9360";"187";"NO"
"56-60";"Chocolate Cake";"9400605";"60";"4400";"200";"NO"
"56-60";"Pepe";"6130103";"60";"7200";"220";"NO"
"56-60";"Selkie Jr.";"9420511";"60";"5500";"220";"NO"
"56-60";"Red Drake";"6130100";"60";"6000";"220";"NO"
"56-60";"Red Drake";"9500125";"60";"6000";"220";"NO"
"56-60";"Nightghost";"9400003";"60";"7100";"220";"NO"
"56-60";"Water Goblin";"9400012";"60";"7100";"220";"NO"
"56-60";"Ice Golem";"9500150";"60";"6900";"221";"NO"
"56-60";"Panda";"9300245";"60";"6500";"225";"NO"
"56-60";"Panda";"6130203";"60";"6500";"225";"NO"
"56-60";"Geist Balrog";"9400572";"60";"7000";"230";"SI"
"56-60";"Python";"9420002";"60";"6000";"230";"NO"
"56-60";"Transforming Doll Machine  (After)";"9300257";"60";"6000";"280";"NO"
"56-60";"Doll Vending Machine";"9410013";"60";"6000";"280";"NO"
"56-60";"Morphed Blin";"6130202";"60";"7000";"330";"NO"
"56-60";"Voodoo";"9400561";"60";"6800";"335";"NO"
"56-60";"Hoodoo";"9400562";"60";"6800";"335";"NO"
"56-60";"Separated Pepe";"9500142";"60";"7200";"420";"NO"
"56-60";"Separated Pepe";"9200022";"60";"7200";"420";"NO"
"56-60";"Separated Pepe";"6130102";"60";"7200";"420";"NO"
"56-60";"Flying Boogie";"9300050";"60";"25000";"515";"NO"
"56-60";"Mushmom";"6130101";"60";"20000";"1200";"SI"
"56-60";"Mushmom";"9500345";"60";"20000";"1200";"SI"
"56-60";"Mushmom";"9500124";"60";"20000";"1200";"SI"
"56-60";"Mushmom";"9300191";"60";"20000";"1200";"SI"
"56-60";"Blue Mushmom";"9500176";"60";"50400";"2260";"SI"
"56-60";"Angry Lord Pirate";"9500175";"60";"54600";"2430";"SI"
"56-60";"Big Puff Daddy";"9400569";"60";"50000000";"5200";"SI"
"56-60";"Big Puff Daddy";"9400608";"60";"50000000";"5200";"SI"
"56-60";"Lord Pirate";"9300119";"60";"420000";"7200";"SI"
"56-60";"Lord Pirate";"9300198";"60";"420000";"7200";"SI"
"56-60";"Lord Pirate";"9500349";"60";"420000";"7200";"SI"
"56-60";"Event Horntail's Left Head";"9400630";"60";"1000000";"10000";"SI"
"56-60";"Event Horntail's Right Head";"9400631";"60";"1000000";"10000";"SI"
"56-60";"Snowman3";"9400710";"60";"324000";"350000";"SI"
"61-65";"해군 일등병 유령";"9700031";"61";"80000";"0";"SI"
"61-65";"해군 상병 유령";"9700032";"61";"100000";"0";"SI"
"61-65";"해군 하사 유령";"9700034";"61";"150000";"0";"SI"
"61-65";"해군 병장 유령";"9700033";"61";"130000";"0";"SI"
"61-65";"Buffoon";"9300320";"61";"8500";"6";"SI"
"61-65";"Buffy";"6130200";"61";"7400";"230";"NO"
"61-65";"Rodeo";"9420533";"61";"6000";"235";"NO"
"61-65";"일등 항해사";"9700035";"62";"700000";"0";"SI"
"61-65";"Jr. Gargoyle";"9300035";"62";"15000";"0";"NO"
"61-65";"Toe (Hard)";"9400318";"62";"4800";"0";"NO"
"61-65";"유령선 함장";"9700037";"62";"4000000";"0";"SI"
"61-65";"Obstacle Mutae";"9300153";"62";"7500";"0";"NO"
"61-65";"Wild Cargo";"9400201";"62";"5500";"1";"NO"
"61-65";"Lord Pirate's Captain";"9300125";"62";"8700";"165";"NO"
"61-65";"Lord Pirate's Furious Captain";"9300122";"62";"10440";"198";"NO"
"61-65";"Poisoned Lord Tree";"9300172";"62";"6100";"235";"NO"
"61-65";"Tree Road";"9300246";"62";"3500";"240";"NO"
"61-65";"Wild Kargo (PC)";"9200014";"62";"5500";"240";"NO"
"61-65";"Poison Golem Level 2";"9300177";"62";"3500";"240";"NO"
"61-65";"Wild Kargo";"6230100";"62";"5500";"240";"NO"
"61-65";"Peach Monkey";"6130207";"62";"7500";"240";"NO"
"61-65";"Leader A";"9400110";"62";"10000";"310";"NO"
"61-65";"Lord Pirate's Devoted Kru";"9300117";"62";"22800";"313";"NO"
"61-65";"Jr. Gargoyle";"9300026";"62";"15000";"430";"NO"
"61-65";"Jr. Gargoyle";"9300033";"62";"15000";"430";"NO"
"61-65";"Scholar Ghost";"6090003";"62";"6000";"3984";"SI"
"61-65";"???";"9300382";"63";"75000";"0";"NO"
"61-65";"Shapeshifter";"9300355";"63";"75000";"0";"SI"
"61-65";"Deep Buffoon";"9300321";"63";"9500";"7";"SI"
"61-65";"Puco";"6230101";"63";"20000";"190";"NO"
"61-65";"Officer Skeleton";"6230602";"63";"7500";"240";"NO"
"61-65";"Jr. Lucida ";"6230401";"63";"7600";"245";"NO"
"61-65";"Rurumo";"6090004";"63";"7600000";"245";"SI"
"61-65";"Soul Teddy";"6230400";"63";"7600";"245";"NO"
"61-65";"Slimy";"9420510";"63";"5800";"250";"NO"
"61-65";"Muscle Stone";"9300020";"63";"16000";"520";"NO"
"61-65";"Angry Lord Pirate";"9300105";"63";"480000";"8800";"SI"
"61-65";"Mr. Alli";"6130204";"64";"7800";"250";"NO"
"61-65";"Ice Drake";"9500126";"64";"7700";"250";"NO"
"61-65";"Ice Drake";"6230600";"64";"7700";"250";"NO"
"61-65";"Dark Pepe";"6230200";"64";"7800";"250";"NO"
"61-65";"Leader B";"9400111";"64";"9000";"320";"NO"
"61-65";"Lord Pirate's Devoted Captain";"9300118";"64";"28200";"378";"NO"
"61-65";"Separated Dark Pepe";"6230201";"64";"7800";"700";"NO"
"61-65";"Snow Witch";"6090001";"64";"7700";"10320";"SI"
"61-65";"Poison Golem";"9300176";"65";"21000";"0";"NO"
"61-65";"Poisoned Spright";"9300174";"65";"6500";"0";"NO"
"61-65";"Poison Golem";"9300180";"65";"63000";"0";"SI"
"61-65";"Lucida in Tower of Goddess";"9300044";"65";"3000";"0";"NO"
"61-65";"Poison Flower";"9300175";"65";"7500";"0";"NO"
"61-65";"Ghost Pirate";"9300322";"65";"10500";"8";"SI"
"61-65";"Zoo Yeti";"9500201";"65";"11000";"10";"SI"
"61-65";"Homun";"6110300";"65";"11000";"255";"NO"
"61-65";"Poisoned Stone Bug";"9300173";"65";"7200";"255";"NO"
"61-65";"Charmer";"9420534";"65";"9800";"255";"NO"
"61-65";"Yeti";"9300258";"65";"11000";"255";"NO"
"61-65";"Stone Bug";"9300247";"65";"6700";"255";"NO"
"61-65";"Yeti";"6300000";"65";"11000";"255";"NO"
"61-65";"Poison Golem Level 3";"9300178";"65";"6700";"255";"NO"
"61-65";"Homun of Closed Laboratory";"9300141";"65";"11000";"255";"NO"
"61-65";"Spright";"9300179";"65";"7500";"255";"NO"
"61-65";"Possessed Bear Doll";"9400652";"65";"10000";"300";"NO"
"61-65";"Possessed Rabbit Doll";"9400653";"65";"13000";"310";"NO"
"61-65";"Black Boogie";"9400008";"65";"7980";"325";"NO"
"61-65";"Transformed Yeti";"6300001";"65";"11000";"390";"NO"
"61-65";"Separated Yetti";"9200021";"65";"11000";"455";"NO"
"61-65";"Separated Yeti";"6300002";"65";"11000";"455";"NO"
"61-65";"Separated Yeti";"9500141";"65";"11000";"455";"NO"
"61-65";"Dyle";"9500346";"65";"31000";"810";"SI"
"61-65";"Dyle";"6220000";"65";"31000";"810";"SI"
"61-65";"Dyle";"9300194";"65";"31000";"810";"SI"
"61-65";"Dyle";"9500311";"65";"31000";"810";"SI"
"61-65";"Zeno";"9500347";"65";"36000";"940";"SI"
"61-65";"Zeno";"6220001";"65";"36000";"940";"SI"
"61-65";"Zeno";"9300197";"65";"36000";"940";"SI"
"61-65";"Master Muscle Stone";"9300019";"65";"40000";"1120";"NO"
"61-65";"Zombie Mushmom";"9300196";"65";"35000";"1500";"SI"
"61-65";"Zombie Mushmom";"6300005";"65";"35000";"1500";"SI"
"61-65";"Papa Pixie";"9300039";"65";"672000";"17000";"SI"
"61-65";"Papa Pixie";"9500351";"65";"672000";"17000";"SI"
"61-65";"Papa Pixie";"9300195";"65";"672000";"17000";"SI"
"66-70";"Mist Knight";"9300034";"66";"20000";"0";"NO"
"66-70";"Mist Knight";"9300037";"66";"22000";"100";"NO"
"66-70";"Black Knight";"9300036";"66";"22000";"100";"NO"
"66-70";"Pachu";"6300004";"66";"38000";"200";"SI"
"66-70";"Sage Cat";"6130209";"66";"9000";"255";"NO"
"66-70";"Sage Cat";"9300248";"66";"9000";"255";"NO"
"66-70";"Lazy Buffy";"6230300";"66";"9400";"260";"NO"
"66-70";"Black Knight";"9300022";"66";"40000";"1060";"NO"
"66-70";"Myst Knight";"9300023";"66";"40000";"1060";"NO"
"66-70";"Death Teddy ";"9300323";"67";"11500";"9";"SI"
"66-70";"Punco";"6300003";"67";"40000";"210";"NO"
"66-70";"Master Soul Teddy";"9500127";"67";"11000";"265";"NO"
"66-70";"Master Soul Teddy";"6230500";"67";"11000";"265";"NO"
"66-70";"Puppet Golem";"9300024";"67";"35000";"1100";"NO"
"66-70";"Kru";"9300080";"68";"13000";"265";"NO"
"66-70";"Kru";"9300241";"68";"12500";"265";"NO"
"66-70";"Dark Yeti";"9500128";"68";"13000";"265";"NO"
"66-70";"Saitie";"6110301";"68";"13000";"265";"NO"
"66-70";"Dark Drake";"6230601";"68";"13000";"265";"NO"
"66-70";"Dark Yeti";"6400000";"68";"13000";"265";"NO"
"66-70";"Kru";"6130208";"68";"12500";"265";"NO"
"66-70";"Jester Scarlion";"9420535";"68";"12000";"270";"NO"
"66-70";"Mr. Anchor";"9420512";"68";"11500";"275";"NO"
"66-70";"Transformed Dark Yeti";"6400001";"68";"13000";"445";"NO"
"66-70";"Separated Dark Yeti";"6400002";"68";"13000";"715";"NO"
"66-70";"Gargoyle";"9300025";"68";"35000";"1150";"NO"
"66-70";"Enraged Lord Pirate";"9300106";"68";"540000";"12000";"SI"
"66-70";"Bamboo Warrior";"6090002";"68";"86890";"17000";"SI"
"66-70";"Viking";"9300324";"69";"12500";"10";"SI"
"66-70";"Cuzco";"6400003";"69";"60000";"240";"NO"
"66-70";"Zeta Gray";"9300104";"70";"4500";"0";"NO"
"66-70";"Juliet";"9300137";"70";"30000";"0";"NO"
"66-70";"Kitty from Cheese Storage";"9500324";"70";"5000000";"0";"SI"
"66-70";"P Junior";"9500336";"70";"50000000";"0";"SI"
"66-70";"Romeo";"9300138";"70";"30000";"0";"NO"
"66-70";"Kitty from Cheese Storage";"9500323";"70";"5000000";"0";"SI"
"66-70";"Barnard Gray";"9300103";"70";"4500";"0";"NO"
"66-70";"Tamable Hog";"9300101";"70";"200";"0";"NO"
"66-70";"Watchhog";"9300102";"70";"24000";"0";"NO"
"66-70";"Opachu";"6400004";"70";"80000";"250";"SI"
"66-70";"Giant Snowman";"9500319";"70";"6000";"270";"SI"
"66-70";"Klock";"8140200";"70";"15000";"270";"NO"
"66-70";"Tauromacis";"9300249";"70";"15000";"270";"NO"
"66-70";"Rash";"7130500";"70";"14500";"270";"NO"
"66-70";"Taurospear";"9500129";"70";"15000";"270";"NO"
"66-70";"Tauromacis";"7130100";"70";"15000";"270";"NO"
"66-70";"Yeti and Coketump";"9500147";"70";"20000";"272";"NO"
"66-70";"Giant Cake";"9400606";"70";"13000";"280";"SI"
"66-70";"Captain";"9300242";"70";"15000";"282";"NO"
"66-70";"Captain";"7130104";"70";"15000";"282";"NO"
"66-70";"Gatekeeper Nex";"7120100";"70";"90000";"330";"SI"
"66-70";"Red Slime";"7120103";"70";"15000";"338";"NO"
"66-70";"Blue King Goblin";"9500130";"70";"25000";"400";"SI"
"66-70";"Green King Goblin";"9500160";"70";"25000";"400";"SI"
"66-70";"Yellow King Goblin";"7130400";"70";"25000";"400";"SI"
"66-70";"Yellow King Goblin";"9500158";"70";"25000";"400";"SI"
"66-70";"Blue King Goblin";"9500159";"70";"25000";"400";"SI"
"66-70";"Green King Goblin";"7130402";"70";"25000";"400";"SI"
"66-70";"Blue King Goblin";"7130401";"70";"25000";"400";"SI"
"66-70";"Windraider";"9400576";"70";"16000";"800";"NO"
"66-70";"Witch Bear";"9300373";"70";"31000";"810";"SI"
"66-70";"Nine-Tailed Fox";"9500312";"70";"89000";"1300";"SI"
"66-70";"Nine-Tailed Fox";"9500348";"70";"89000";"1300";"SI"
"66-70";"Nine-Tailed Fox";"7220001";"70";"89000";"1300";"SI"
"66-70";"Nine-Tailed Fox";"9300199";"70";"89000";"1300";"SI"
"66-70";"Twisted Jester";"9400640";"70";"50000";"1325";"NO"
"66-70";"Cross (Hard)";"9400321";"70";"89000";"1500";"SI"
"66-70";"Peeking Lord Pirate";"9300107";"70";"300000";"4000";"SI"
"66-70";"Olivia";"9400643";"70";"810000";"11200";"SI"
"66-70";"Event Pink Bean";"9400654";"70";"150000000";"30000";"SI"
"66-70";"Event Pink Bean";"9400632";"70";"2000000";"30000";"SI"
"71-75";"High Darkstar";"8500003";"71";"10000";"0";"SI"
"71-75";"High Darkstar";"9300266";"71";"10000";"0";"SI"
"71-75";"Silver Slime";"7120104";"71";"15100";"346";"NO"
"71-75";"Tae Roon";"9300200";"71";"93000";"1580";"SI"
"71-75";"Tae Roon";"9500350";"71";"93000";"1580";"SI"
"71-75";"Tae Roon";"9500313";"71";"93000";"1580";"SI"
"71-75";"Tae Roon";"9300268";"71";"93000";"1580";"SI"
"71-75";"Tae Roon";"7220000";"71";"93000";"1580";"SI"
"71-75";"Cerebes";"7130001";"72";"15200";"295";"NO"
"71-75";"Hobi";"7130600";"72";"15000";"295";"NO"
"71-75";"Beetle";"7130002";"72";"15200";"295";"NO"
"71-75";"Froscola";"9420536";"72";"15200";"300";"NO"
"71-75";"Gold Slime  ";"7120105";"72";"15200";"354";"NO"
"71-75";"Extra D";"9400103";"72";"15100";"465";"NO"
"71-75";"Tauromacis (JP)";"9400218";"73";"16000";"270";"NO"
"71-75";"Reinforced Iron Mutae";"9300143";"73";"20000";"300";"NO"
"71-75";"Reinforced Iron Mutae";"9300254";"73";"20000";"300";"NO"
"71-75";"Commander Skeleton";"7130103";"73";"15300";"315";"NO"
"71-75";"Lucida";"9500131";"73";"15500";"320";"NO"
"71-75";"Lucida";"9300251";"73";"15500";"320";"NO"
"71-75";"Homunculu of hidden laboratory";"9300142";"73";"15500";"320";"NO"
"71-75";"Lucida";"7130000";"73";"15500";"320";"NO"
"71-75";"Homunculus";"7110301";"73";"15500";"320";"NO"
"71-75";"Gatekeeper Nex";"7120101";"73";"102000";"330";"SI"
"71-75";"Homun";"9300145";"74";"33000";"330";"NO"
"71-75";"Buffoon";"6300100";"74";"16000";"340";"NO"
"71-75";"Dark Rash";"7130501";"74";"15500";"340";"NO"
"71-75";"Riche";"6090000";"74";"11000";"25000";"SI"
"71-75";"Charged Poison Golem";"9300181";"75";"83000";"0";"SI"
"71-75";"Bloody Boom";"8510100";"75";"10000";"0";"SI"
"71-75";"Crimson Tree";"9400586";"75";"3500";"122";"NO"
"71-75";"Crimson Tree";"9400585";"75";"3500";"122";"NO"
"71-75";"Overlord A";"7120106";"75";"15000";"330";"NO"
"71-75";"Overlord B";"7120107";"75";"15000";"330";"NO"
"71-75";"Taurospear";"7130101";"75";"18000";"350";"NO"
"71-75";"Werewolf";"9500132";"75";"16000";"350";"NO"
"71-75";"The Charging Taurospear";"9300087";"75";"18000";"350";"NO"
"71-75";"Taurospear";"9300250";"75";"18000";"350";"NO"
"71-75";"Werewolf";"7130200";"75";"16000";"350";"NO"
"71-75";"D. Roy";"7110300";"75";"16000";"350";"NO"
"71-75";"Security Camera";"7090000";"75";"150000";"350";"SI"
"71-75";"Yabber Doo";"9420537";"75";"15800";"352";"NO"
"76-80";"Thorny Vine";"7130602";"76";"8000";"0";"SI"
"76-80";"Cyti";"9300146";"76";"38000";"360";"NO"
"76-80";"Green Hobi";"7130601";"76";"18000";"370";"NO"
"76-80";"Dark Klock";"8140300";"76";"18000";"370";"NO"
"76-80";"Dual Beetle";"7130003";"76";"18000";"370";"NO"
"76-80";"Bergamot";"7220003";"77";"40000";"0";"SI"
"76-80";"Bergamot";"7220004";"77";"65000";"0";"SI"
"76-80";"Homunculus";"9300147";"77";"20000";"320";"NO"
"76-80";"Gatekeeper Nex";"7120102";"77";"114000";"330";"SI"
"76-80";"Deep Buffoon";"6400100";"77";"19000";"385";"NO"
"76-80";"Robby";"7120108";"77";"19000";"462";"NO"
"76-80";"King Sage Cat";"9500352";"77";"108000";"2280";"SI"
"76-80";"King Sage Cat";"9500314";"77";"108000";"2280";"SI"
"76-80";"King Sage Cat";"9300202";"77";"108000";"2280";"SI"
"76-80";"King Sage Cat";"7220002";"77";"108000";"2280";"SI"
"76-80";"Bergamot";"7220005";"77";"40000";"3000";"SI"
"76-80";"Yeti and Pepe";"7130102";"78";"20000";"0";"NO"
"76-80";"Yetti & Pepe";"9200020";"78";"20000";"0";"NO"
"76-80";"Yeti and Pepe";"9500133";"78";"20000";"0";"NO"
"76-80";"Roid";"9300149";"78";"29000";"295";"NO"
"76-80";"Hankie";"7130004";"78";"20000";"400";"NO"
"76-80";"Neo Huroid";"9300148";"79";"24000";"330";"NO"
"76-80";"Iruvata";"7120109";"79";"23500";"750";"NO"
"76-80";"Low Darkstar";"9300267";"80";"10000";"0";"SI"
"76-80";"Giant Snowman (Lvl 3) - Hard";"9400334";"80";"18000";"0";"NO"
"76-80";"Giant Snowman (Lvl 1) - Hard";"9400332";"80";"15000";"0";"NO"
"76-80";"Giant Snowman (Lvl 2) - Hard";"9400333";"80";"16500";"0";"NO"
"76-80";"Balrog";"8830010";"80";"7503000";"0";"SI"
"76-80";"Low Darkstar";"8500004";"80";"10000";"0";"SI"
"76-80";"Witch Bear";"9300374";"80";"50000";"0";"SI"
"76-80";"Giant Snowman (Lvl 4) - Hard";"9400335";"80";"19500";"0";"NO"
"76-80";"Giant Snowman (Lvl 5) - Hard";"9400336";"80";"21000";"0";"NO"
"76-80";"Zoo Balrog";"9500200";"80";"50000";"0";"SI"
"76-80";"Thief Crow";"9001013";"80";"150000";"0";"SI"
"76-80";"Master of Disguise";"9001009";"80";"150000";"0";"SI"
"76-80";"Shadow Kyrin's Clone";"9001008";"80";"70000";"0";"SI"
"76-80";"Mingu";"9300270";"80";"10000";"10";"NO"
"76-80";"Neo Huroid";"9300150";"80";"35000";"390";"NO"
"76-80";"Lycanthrope the Kidnapper";"9300095";"80";"19000";"850";"NO"
"76-80";"Eye of Time";"8200000";"80";"24000";"850";"NO"
"76-80";"Lycanthrope";"9500134";"80";"27000";"850";"NO"
"76-80";"Deet and Roi";"8090000";"80";"175000";"850";"SI"
"76-80";"Hankie";"9500161";"80";"27000";"850";"NO"
"76-80";"Harp";"9500162";"80";"27000";"850";"NO"
"76-80";"Homunscullo";"8110300";"80";"27000";"850";"NO"
"76-80";"Lycanthrope";"8140000";"80";"27000";"850";"NO"
"76-80";"Harp";"8140001";"80";"27000";"850";"NO"
"76-80";"Geist Balrog Phase 1";"9400536";"80";"100000";"1000";"SI"
"76-80";"Wolf Spider";"9400545";"80";"28000";"1200";"NO"
"76-80";"Stormbreaker";"9400581";"80";"38000";"1650";"NO"
"76-80";"Jr. Balrog in Forgotten Shrine";"9300092";"80";"50000";"2000";"SI"
"76-80";"Jr. Balrog";"9500353";"80";"50000";"2000";"SI"
"76-80";"Jr. Balrog";"9300260";"80";"50000";"2000";"NO"
"76-80";"Jr. Balrog";"9500139";"80";"50000";"2000";"SI"
"76-80";"Jr. Balrog";"8130100";"80";"50000";"2000";"SI"
"76-80";"Jr. Balrog";"9300203";"80";"50000";"2000";"SI"
"76-80";"Jr. Balrog in Another World";"9300085";"80";"50000";"2000";"SI"
"76-80";"Grendel the Really Old's Clone";"9001001";"80";"90000";"2400";"SI"
"76-80";"Dances with Balrog's Clone";"9001000";"80";"150000";"2400";"SI"
"76-80";"Athena Pierce's Clone";"9001002";"80";"120000";"2400";"SI"
"76-80";"Dark Lord's Disciple";"9300088";"80";"120000";"2400";"SI"
"76-80";"Shadow Kyrin";"9001004";"80";"130000";"2400";"SI"
"76-80";"Dark Lord's Clone";"9001003";"80";"120000";"2400";"SI"
"76-80";"Manon";"9500174";"80";"205100";"17200";"SI"
"76-80";"Griffey";"9500173";"80";"205100";"17200";"SI"
"76-80";"Targa";"9420542";"80";"60000000";"268800";"SI"
"76-80";"Scarlion Boss";"9420547";"80";"60000000";"268800";"SI"
"81-85";"Eliza";"9303015";"81";"10000";"0";"NO"
"81-85";"Crimson Balrog";"9303013";"81";"10000";"0";"NO"
"81-85";"Leviathan";"9303016";"81";"10000";"0";"NO"
"81-85";"Seruf";"9303014";"81";"10000";"0";"NO"
"81-85";"Gatekeeper Nex";"8120100";"81";"126000";"330";"SI"
"81-85";"Dunas";"8220010";"81";"300000";"3800";"SI"
"81-85";"Frankenroid";"9500354";"81";"660000";"12000";"SI"
"81-85";"Frankenroid";"9300139";"81";"660000";"12000";"SI"
"81-85";"Frankenroid";"9300205";"81";"660000";"12000";"SI"
"81-85";"Frankenroid";"9300151";"81";"660000";"12000";"SI"
"81-85";"Dark Yeti and Pepe";"8140100";"82";"29000";"0";"NO"
"81-85";"Afterlord";"8120102";"82";"29000";"1220";"NO"
"81-85";"Booper Scarlion";"9420538";"82";"28000";"1250";"NO"
"81-85";"Ghost Pirate";"7140000";"83";"30000";"1100";"NO"
"81-85";"Blood Harp";"8140002";"83";"30000";"1100";"NO"
"81-85";"Blood Harp";"9500163";"83";"30000";"1100";"NO"
"81-85";"Eliza";"8220000";"83";"87000";"2800";"SI"
"81-85";"Eliza";"9300204";"83";"87000";"2800";"SI"
"81-85";"Eliza";"9500355";"83";"87000";"2800";"SI"
"81-85";"Eliza";"9500315";"83";"87000";"2800";"SI"
"81-85";"Balrog";"8830007";"84";"3210000";"0";"SI"
"81-85";"Prototype Lord";"8120103";"84";"31000";"1440";"NO"
"81-85";"Angry Frankenroid";"9300140";"84";"850000";"25000";"SI"
"81-85";"Angry Frankenroid";"9300152";"84";"850000";"25000";"SI"
"81-85";"Snack Bar";"9410014";"85";"5000";"0";"NO"
"81-85";"Unknow Snack Bar";"8220008";"85";"5000";"0";"NO"
"81-85";"Gatekeeper Nex";"8120101";"85";"138000";"330";"SI"
"81-85";"Death Teddy";"9500135";"85";"32000";"1300";"NO"
"81-85";"Death Teddy";"7130010";"85";"32000";"1300";"NO"
"81-85";"Goby";"7130020";"85";"17000";"1400";"NO"
"81-85";"Goby in Warped Dimension";"9300097";"85";"17000";"1400";"NO"
"81-85";"Birk";"8140110";"85";"32000";"1420";"NO"
"81-85";"Chimera";"9300206";"85";"96000";"3000";"SI"
"81-85";"Chimera";"8220002";"85";"96000";"3000";"SI"
"81-85";"Chimera";"9500356";"85";"96000";"3000";"SI"
"81-85";"Snack Bar";"8220009";"85";"110000";"3180";"SI"
"81-85";"Snack Bar";"9410015";"85";"230000";"4230";"SI"
"81-85";"Snack Bar";"9300207";"85";"230000";"4230";"SI"
"81-85";"Aufheben";"8220011";"85";"410000";"4300";"SI"
"81-85";"Super-Charged Poison Golem";"9300182";"85";"113500";"17980";"SI"
"81-85";"Super-Charged Poison Golem";"9300201";"85";"113500";"17980";"SI"
"86-90";"Maverick Type A";"8120104";"86";"32000";"1560";"NO"
"86-90";"Dual Ghost Pirate";"7160000";"87";"35000";"1500";"NO"
"86-90";"Vikerola";"9420539";"87";"36000";"2000";"NO"
"86-90";"Black Kentaurus";"8140101";"88";"37000";"1600";"NO"
"86-90";"Black Kentaurus";"9500164";"88";"37000";"1600";"NO"
"86-90";"Blue Kentaurus";"9300263";"88";"37000";"1600";"NO"
"86-90";"Red Kentaurus";"8140102";"88";"37000";"1600";"NO"
"86-90";"Red Kentaurus";"9300262";"88";"37000";"1600";"NO"
"86-90";"Blue Kentaurus";"8140103";"88";"37000";"1600";"NO"
"86-90";"Blue Kentaurus";"9500166";"88";"37000";"1600";"NO"
"86-90";"Black Kentaurus";"9300096";"88";"37000";"1600";"NO"
"86-90";"Red Kentaurus";"9500165";"88";"37000";"1600";"NO"
"86-90";"Black Kentaurus";"9300261";"88";"37000";"1600";"NO"
"86-90";"Dual Birk";"8140111";"88";"37000";"1620";"NO"
"86-90";"Maverick Type S";"8120105";"88";"37000";"1920";"NO"
"86-90";"Master Death Teddy";"7130300";"89";"40000";"1720";"NO"
"86-90";"Maverick Type D";"8120107";"89";"25000";"2064";"NO"
"86-90";"Maverick Type D";"8120106";"89";"40000";"2064";"NO"
"86-90";"Bombing Fish House ";"8140555";"90";"40500";"0";"NO"
"86-90";"Gatekeeper Nex";"8140510";"90";"150000";"330";"SI"
"86-90";"Firebrand";"9400577";"90";"21000";"910";"NO"
"86-90";"Blue Dragon Turtle";"8140700";"90";"40000";"1780";"NO"
"86-90";"Bain";"8140500";"90";"45000";"1800";"NO"
"86-90";"Bain";"9500138";"90";"45000";"1800";"NO"
"86-90";"Firebrand";"9400578";"90";"45000";"2350";"NO"
"86-90";"Witch Bear";"9300376";"90";"96000";"3000";"SI"
"86-90";"Witch Bear";"9300375";"90";"96000";"3000";"SI"
"86-90";"Snowman of Competence";"9300287";"90";"220000";"5200";"SI"
"86-90";"Lilynouch of Competence";"9300290";"90";"220000";"5200";"SI"
"86-90";"Snowman";"8220001";"90";"120000";"5200";"SI"
"86-90";"Crimson Balrog of Competence ";"9300288";"90";"220000";"5200";"SI"
"86-90";"Snipe of Competence ";"9300289";"90";"220000";"5200";"SI"
"86-90";"Snow Yeti";"9500357";"90";"120000";"5200";"SI"
"86-90";"Snowman";"9300208";"90";"120000";"5200";"SI"
"86-90";"Snow Yeti";"9500316";"90";"120000";"5200";"SI"
"86-90";"Blue Mushmom";"8220007";"90";"135000";"5500";"SI"
"86-90";"Oberon";"8220012";"90";"450000";"5500";"SI"
"86-90";"Blue Mushmom";"9400205";"90";"200000";"10000";"SI"
"86-90";"Blue Mushmom";"9300209";"90";"200000";"10000";"SI"
"86-90";"Papulatus";"9500180";"90";"353500";"18200";"SI"
"86-90";"Papulatus";"9500181";"90";"211400";"24647";"SI"
"91-95";"Memory Monk";"8200001";"91";"41000";"1900";"NO"
"91-95";"Imperial Guard";"8140511";"91";"43000";"2280";"NO"
"91-95";"Bone Fish in Warped Dimension";"9300098";"92";"42500";"2000";"NO"
"91-95";"Bone Fish";"8140600";"92";"42500";"2000";"NO"
"91-95";"Red Dragon Turtle";"8140701";"93";"49000";"2100";"NO"
"91-95";"Spirit Viking";"8141000";"93";"50000";"2100";"NO"
"91-95";"Royal Guard";"8140512";"93";"50000";"2520";"NO"
"91-95";"Squid";"8141300";"94";"46000";"2200";"NO"
"91-95";"Memory Monk Trainee";"8200002";"94";"45000";"2200";"NO"
"91-95";"Gallopera";"9420540";"94";"43000";"2500";"NO"
"91-95";"Nibelung";"8220013";"95";"240000";"0";"SI"
"91-95";"Nibelung";"8220014";"95";"240000";"0";"SI"
"91-95";"Rexton";"8140702";"95";"50000";"2280";"NO"
"91-95";"Phantom Watch";"8142000";"95";"53000";"2300";"NO"
"91-95";"Elderwraith";"9400580";"95";"51000";"2480";"NO"
"91-95";"G. Phantom Watch";"9500137";"95";"53000";"2800";"NO"
"91-95";"Male Boss";"9400122";"95";"85000";"5500";"SI"
"91-95";"Male Boss";"9400120";"95";"85000";"5500";"SI"
"91-95";"Geist Balrog Phase 3";"9400514";"95";"1500000";"5600";"SI"
"91-95";"Nibelung";"8220015";"95";"240000";"6340";"SI"
"96-100";"Red Wyvern";"8810019";"97";"53000";"800";"SI"
"96-100";"Red Wyvern 1 in Cave";"9300069";"97";"53000";"800";"NO"
"96-100";"Red Wyvern 2 in Cave";"9300070";"97";"53000";"800";"NO"
"96-100";"Red Wyvern";"8150300";"97";"53000";"2500";"NO"
"96-100";"Risell Squid";"8142100";"97";"49000";"2500";"NO"
"96-100";"Brexton";"8140703";"97";"55000";"2500";"NO"
"96-100";"Memory Guardian";"8200003";"98";"53000";"2600";"NO"
"96-100";"Gigantic Spirit Viking";"8141100";"98";"58000";"2600";"NO"
"96-100";"Gigantic Viking";"9500136";"98";"58000";"2600";"NO"
"96-100";"Lion Statue B";"9300030";"99";"800000";"0";"SI"
"96-100";"Lion Statue A";"9300029";"99";"1000000";"0";"SI"
"96-100";"Grim Phantom Watch";"8143000";"99";"60000";"2800";"NO"
"96-100";"Time Sphere";"8500000";"100";"16000";"0";"SI"
"96-100";"Knight Statue B";"9300032";"100";"900000";"0";"SI"
"96-100";"Knight Statue A";"9300031";"100";"900000";"0";"SI"
"96-100";"The Dangerous Tree of the Maze";"9300295";"100";"10000";"1";"SI"
"96-100";"The Cool Shade of the Maze";"9300296";"100";"10000";"1";"SI"
"96-100";"Mirror Ghost";"9400564";"100";"0";"1";"NO"
"96-100";"Gift Box";"9500198";"100";"5";"10";"NO"
"96-100";"Destroyed Doll";"9500301";"100";"10";"12";"NO"
"96-100";"Busted Doll";"9500300";"100";"10";"12";"NO"
"96-100";"Fire Steed";"9500193";"100";"0";"12";"NO"
"96-100";"Pumpkin Knight";"9500192";"100";"10";"12";"NO"
"96-100";"Toy Clown";"9500199";"100";"10";"12";"NO"
"96-100";"Green Cornian";"8810022";"100";"56000";"1000";"SI"
"96-100";"Green Cornian1 in Cave";"9300065";"100";"56000";"1000";"NO"
"96-100";"Green Cornian 2 in Cave";"9300066";"100";"56000";"1000";"NO"
"96-100";"Geist Balrog Phase 2";"9400537";"100";"300000";"1100";"SI"
"96-100";"Green Cornian";"8150200";"100";"56000";"3000";"NO"
"96-100";"Shark";"8150100";"100";"56000";"3000";"NO"
"96-100";"Shark in Warped Dimension";"9300099";"100";"56000";"3000";"NO"
"96-100";"Dreamy Ghost";"9400013";"100";"68000";"3200";"NO"
"96-100";"Typhon";"9400574";"100";"56000";"3200";"NO"
"96-100";"Crimson Balrog";"8150000";"100";"100000";"3500";"SI"
"96-100";"Advanced Manon";"9300291";"100";"560000";"3500";"SI"
"96-100";"Crimson Balrog";"9300210";"100";"100000";"3500";"SI"
"96-100";"Crimson Balrog";"9500358";"100";"100000";"3500";"SI"
"96-100";"Crimson Balrog the Kidnapper";"9300094";"100";"50000";"3500";"SI"
"96-100";"Advanced Griffey";"9300292";"100";"560000";"3500";"SI"
"96-100";"Crimson Balrog";"9500140";"100";"100000";"3500";"SI"
"96-100";"Advanced Leviathan";"9300293";"100";"560000";"3500";"SI"
"96-100";"Advanced Pianus";"9300294";"100";"560000";"3500";"SI"
"96-100";"Nightshadow";"9400579";"100";"70000";"3600";"NO"
"96-100";"Master Guardian";"9400594";"100";"7000000";"10000";"SI"
"96-100";"Black Bird";"9400599";"100";"100000";"11000";"NO"
"96-100";"Capt. Latanica";"9420513";"100";"2000000";"210000";"SI"
"96-100";"Angry Targa";"9420543";"100";"90000000";"403200";"SI"
"96-100";"Angry Scarlion Boss";"9420548";"100";"90000000";"403200";"SI"
